"id","aeskey"
"255","FFFFFFFFFF"
"255","FFFFFFFFFF"
"255","FFFFFFFFFF"
"255","FFFFFFFFFF"
"255","FFFFFFFFFF"
"255","FFFFFFFFFF"
"255","FFFFFFFFFF"
"255","FFFFFFFFFF"
"255","FFFFFFFFFF"
"255","FFFFFFFFFF"
"255","FFFFFFFFFF"
"255","FFFFFFFFFF"
"255","FFFFFFFFFF"
"255","FFFFFFFFFF"
"255","FFFFFFFFFF"
"255","FFFFFFFFFF"
"255","FFFFFFFFFF"
"255","FFFFFFFFFF"
"255","FFFFFFFFFF"
"255","FFFFFFFFFF"
"255","FFFFFFFFFF"
"255","FFFFFFFFFF"
"255","FFFFFFFFFF"
"255","FFFFFFFFFF"
"255","FFFFFFFFFF"
"255","FFFFFFFFFF"
"255","FFFFFFFFFF"
"255","FFFFFFFFFF"
"255","FFFFFFFFFF"
"255","FFFFFFFFFF"
"255","FFFFFFFFFF"
"255","FFFFFFFFFF"
"255","FFFFFFFFFF"
"255","FFFFFFFFFF"
"255","FFFFFFFFFF"
"255","FFFFFFFFFF"
"255","FFFFFFFFFF"
"255","FFFFFFFFFF"
"255","FFFFFFFFFF"
"255","FFFFFFFFFF"
"255","FFFFFFFFFF"
"255","FFFFFFFFFF"
"255","FFFFFFFFFF"
"255","FFFFFFFFFF"
"255","FFFFFFFFFF"
"255","FFFFFFFFFF"
"255","FFFFFFFFFF"
"255","FFFFFFFFFF"
"255","FFFFFFFFFF"
"255","FFFFFFFFFF"
"255","FFFFFFFFFF"
"255","FFFFFFFFFF"
"255","FFFFFFFFFF"
"255","FFFFFFFFFF"
"255","FFFFFFFFFF"
"255","FFFFFFFFFF"
"255","FFFFFFFFFF"
"255","FFFFFFFFFF"
"255","FFFFFFFFFF"
"255","FFFFFFFFFF"
"255","FFFFFFFFFF"
"255","FFFFFFFFFF"
"255","FFFFFFFFFF"
"255","FFFFFFFFFF"
"255","FFFFFFFFFF"
"255","FFFFFFFFFF"
"255","FFFFFFFFFF"
"255","FFFFFFFFFF"
"255","FFFFFFFFFF"
"255","FFFFFFFFFF"
"255","FFFFFFFFFF"
"255","FFFFFFFFFF"
"255","FFFFFFFFFF"
"255","FFFFFFFFFF"
"255","FFFFFFFFFF"
"255","FFFFFFFFFF"
"255","FFFFFFFFFF"
"255","FFFFFFFFFF"
"255","FFFFFFFFFF"
"255","FFFFFFFFFF"
"255","FFFFFFFFFF"
"255","FFFFFFFFFF"
"255","FFFFFFFFFF"
"255","FFFFFFFFFF"
"255","FFFFFFFFFF"
"255","FFFFFFFFFF"
"255","FFFFFFFFFF"
"255","FFFFFFFFFF"
"255","FFFFFFFFFF"
"255","FFFFFFFFFF"
"255","FFFFFFFFFF"
"255","FFFFFFFFFF"
"255","FFFFFFFFFF"
"255","FFFFFFFFFF"
"255","FFFFFFFFFF"
"255","FFFFFFFFFF"
"255","FFFFFFFFFF"
"255","FFFFFFFFFF"
"255","FFFFFFFFFF"
"255","FFFFFFFFFF"
"255","FFFFFFFFFF"
"255","FFFFFFFFFF"
"255","FFFFFFFFFF"
"255","FFFFFFFFFF"
"255","FFFFFFFFFF"
"255","FFFFFFFFFF"
"255","FFFFFFFFFF"
"255","FFFFFFFFFF"
"255","FFFFFFFFFF"
"255","FFFFFFFFFF"
"255","FFFFFFFFFF"
"255","FFFFFFFFFF"
"255","FFFFFFFFFF"
"255","FFFFFFFFFF"
"255","FFFFFFFFFF"
"255","FFFFFFFFFF"
"255","FFFFFFFFFF"
"255","FFFFFFFFFF"
"255","FFFFFFFFFF"
"255","FFFFFFFFFF"
"255","FFFFFFFFFF"
"255","FFFFFFFFFF"
"255","FFFFFFFFFF"
"255","FFFFFFFFFF"
"255","FFFFFFFFFF"
"255","FFFFFFFFFF"
"255","FFFFFFFFFF"
"255","FFFFFFFFFF"
"255","FFFFFFFFFF"
"255","FFFFFFFFFF"
"255","FFFFFFFFFF"
"255","FFFFFFFFFF"
"255","FFFFFFFFFF"
"255","FFFFFFFFFF"
"255","FFFFFFFFFF"
"255","FFFFFFFFFF"
"255","FFFFFFFFFF"
"255","FFFFFFFFFF"
"255","FFFFFFFFFF"
"255","FFFFFFFFFF"
"255","FFFFFFFFFF"
"255","FFFFFFFFFF"
"255","FFFFFFFFFF"
"255","FFFFFFFFFF"
"255","FFFFFFFFFF"
"255","FFFFFFFFFF"
"255","FFFFFFFFFF"
"255","FFFFFFFFFF"
"255","FFFFFFFFFF"
"255","FFFFFFFFFF"
"255","FFFFFFFFFF"
"255","FFFFFFFFFF"
"255","FFFFFFFFFF"
"255","FFFFFFFFFF"
"255","FFFFFFFFFF"
"255","FFFFFFFFFF"
"255","FFFFFFFFFF"
"255","FFFFFFFFFF"
"255","FFFFFFFFFF"
"255","FFFFFFFFFF"
"255","FFFFFFFFFF"
"255","FFFFFFFFFF"
"255","FFFFFFFFFF"
"255","FFFFFFFFFF"
"255","FFFFFFFFFF"
"255","FFFFFFFFFF"
"255","FFFFFFFFFF"
"255","FFFFFFFFFF"
"255","FFFFFFFFFF"
"255","FFFFFFFFFF"
"255","FFFFFFFFFF"
"255","FFFFFFFFFF"
"255","FFFFFFFFFF"
"255","FFFFFFFFFF"
"255","FFFFFFFFFF"
"255","FFFFFFFFFF"
"255","FFFFFFFFFF"
"255","FFFFFFFFFF"
"255","FFFFFFFFFF"
"255","FFFFFFFFFF"
"255","FFFFFFFFFF"
"255","FFFFFFFFFF"
"255","FFFFFFFFFF"
"255","FFFFFFFFFF"
"255","FFFFFFFFFF"
"255","FFFFFFFFFF"
"255","FFFFFFFFFF"
"255","FFFFFFFFFF"
"255","FFFFFFFFFF"
"255","FFFFFFFFFF"
"255","FFFFFFFFFF"
"255","FFFFFFFFFF"
"255","FFFFFFFFFF"
"255","FFFFFFFFFF"
"255","FFFFFFFFFF"
"255","FFFFFFFFFF"
"255","FFFFFFFFFF"
"255","FFFFFFFFFF"
"255","FFFFFFFFFF"
"255","FFFFFFFFFF"
"255","FFFFFFFFFF"
"255","FFFFFFFFFF"
"255","FFFFFFFFFF"
"255","FFFFFFFFFF"
"255","FFFFFFFFFF"
"255","FFFFFFFFFF"
"255","FFFFFFFFFF"
"255","FFFFFFFFFF"
"255","FFFFFFFFFF"
"255","FFFFFFFFFF"
"255","FFFFFFFFFF"
"255","FFFFFFFFFF"
"255","FFFFFFFFFF"
"255","FFFFFFFFFF"
"255","FFFFFFFFFF"
"255","FFFFFFFFFF"
"255","FFFFFFFFFF"
"255","FFFFFFFFFF"
"255","FFFFFFFFFF"
"255","FFFFFFFFFF"
"255","FFFFFFFFFF"
"255","FFFFFFFFFF"
"255","FFFFFFFFFF"
"255","FFFFFFFFFF"
"255","FFFFFFFFFF"
"255","FFFFFFFFFF"
"255","FFFFFFFFFF"
"255","FFFFFFFFFF"
"255","FFFFFFFFFF"
"255","FFFFFFFFFF"
"255","FFFFFFFFFF"
"255","FFFFFFFFFF"
"255","FFFFFFFFFF"
"255","FFFFFFFFFF"
"255","FFFFFFFFFF"
"255","FFFFFFFFFF"
"255","FFFFFFFFFF"
"255","FFFFFFFFFF"
"255","FFFFFFFFFF"
"255","FFFFFFFFFF"
"255","FFFFFFFFFF"
"255","FFFFFFFFFF"
"255","FFFFFFFFFF"
"255","FFFFFFFFFF"
"255","FFFFFFFFFF"
"255","FFFFFFFFFF"
"255","FFFFFFFFFF"
"255","FFFFFFFFFF"
"255","FFFFFFFFFF"
"255","FFFFFFFFFF"
"255","FFFFFFFFFF"
"255","FFFFFFFFFF"
"255","FFFFFFFFFF"
"255","FFFFFFFFFF"
"255","FFFFFFFFFF"
