"3863","PMR EUR CH01","446.00625","446.00625","A-Analog","Low","12.5K","Off","Off","202","Group Call","202","SV","Off","Carrier","Off","1","1","1","Off","1","1","None","None","Off","Off","Off","Off","Normal Encryption","Off","Off","Off","Off","251.1","1","Off","On","Off","Off","Off","Off","1","0","Off","0","0","0","0","0","0","0","0","0"
"3864","PMR EUR CH02","446.01875","446.01875","A-Analog","High","12.5K","254.1","254.1","202","Group Call","202","SV","Off","Carrier","Off","1","1","1","Off","1","1","None","None","Off","Off","Off","Off","Normal Encryption","Off","Off","Off","Off","251.1","1","Off","On","Off","Off","Off","Off","1","0","Off","0","0","0","0","0","0","0","0","0"
"3865","PMR EUR CH03","446.03125","446.03125","A-Analog","High","12.5K","Off","Off","202","Group Call","202","SV","Off","Carrier","Off","1","1","1","Off","1","1","None","None","Off","Off","Off","Off","Normal Encryption","Off","Off","Off","Off","251.1","1","Off","On","Off","Off","Off","Off","1","0","Off","0","0","0","0","0","0","0","0","0"
"3866","PMR EUR CH04","446.04375","446.04375","A-Analog","High","12.5K","Off","Off","202","Group Call","202","SV","Off","Carrier","Off","1","1","1","Off","1","1","None","None","Off","Off","Off","Off","Normal Encryption","Off","Off","Off","Off","251.1","1","Off","On","Off","Off","Off","Off","1","0","Off","0","0","0","0","0","0","0","0","0"
"3867","PMR EUR CH05","446.05625","446.05625","A-Analog","High","12.5K","Off","Off","202","Group Call","202","SV","Off","Carrier","Off","1","1","1","Off","1","1","None","None","Off","Off","Off","Off","Normal Encryption","Off","Off","Off","Off","251.1","1","Off","On","Off","Off","Off","Off","1","0","Off","0","0","0","0","0","0","0","0","0"
"3868","PMR EUR CH06","446.06875","446.06875","A-Analog","High","12.5K","Off","Off","202","Group Call","202","SV","Off","Carrier","Off","1","1","1","Off","1","1","None","None","Off","Off","Off","Off","Normal Encryption","Off","Off","Off","Off","251.1","1","Off","On","Off","Off","Off","Off","1","0","Off","0","0","0","0","0","0","0","0","0"
"3869","PMR EUR CH07","446.08125","446.08125","A-Analog","High","12.5K","Off","Off","202","Group Call","202","SV","Off","Carrier","Off","1","1","1","Off","1","1","None","None","Off","Off","Off","Off","Normal Encryption","Off","Off","Off","Off","251.1","1","Off","On","Off","Off","Off","Off","1","0","Off","0","0","0","0","0","0","0","0","0"
"3870","PMR EUR CH08","446.09375","446.09375","A-Analog","High","12.5K","Off","Off","202","Group Call","202","SV","Off","Carrier","Off","1","1","1","Off","1","1","None","None","Off","Off","Off","Off","Normal Encryption","Off","Off","Off","Off","251.1","1","Off","On","Off","Off","Off","Off","1","0","Off","0","0","0","0","0","0","0","0","0"
"3871","PMR EUR CH09","446.10625","446.10625","A-Analog","High","12.5K","Off","Off","202","Group Call","202","SV","Off","Carrier","Off","1","1","1","Off","1","1","None","None","Off","Off","Off","Off","Normal Encryption","Off","Off","Off","Off","251.1","1","Off","On","Off","Off","Off","Off","1","0","Off","0","0","0","0","0","0","0","0","0"
"3872","PMR EUR CH10","446.11875","446.11875","A-Analog","High","12.5K","Off","Off","202","Group Call","202","SV","Off","Carrier","Off","1","1","1","Off","1","1","None","None","Off","Off","Off","Off","Normal Encryption","Off","Off","Off","Off","251.1","1","Off","On","Off","Off","Off","Off","1","0","Off","0","0","0","0","0","0","0","0","0"
"3873","PMR EUR CH11","446.13125","446.13125","A-Analog","High","12.5K","Off","Off","202","Group Call","202","SV","Off","Carrier","Off","1","1","1","Off","1","1","None","None","Off","Off","Off","Off","Normal Encryption","Off","Off","Off","Off","251.1","1","Off","On","Off","Off","Off","Off","1","0","Off","0","0","0","0","0","0","0","0","0"
"3874","PMR EUR CH12","446.14375","446.14375","A-Analog","High","12.5K","Off","Off","202","Group Call","202","SV","Off","Carrier","Off","1","1","1","Off","1","1","None","None","Off","Off","Off","Off","Normal Encryption","Off","Off","Off","Off","251.1","1","Off","On","Off","Off","Off","Off","1","0","Off","0","0","0","0","0","0","0","0","0"
"3875","PMR EUR CH13","446.15625","446.15625","A-Analog","High","12.5K","Off","Off","202","Group Call","202","SV","Off","Carrier","Off","1","1","1","Off","1","1","None","None","Off","Off","Off","Off","Normal Encryption","Off","Off","Off","Off","251.1","1","Off","On","Off","Off","Off","Off","1","0","Off","0","0","0","0","0","0","0","0","0"
"3876","PMR EUR CH14","446.16875","446.16875","A-Analog","High","12.5K","Off","Off","202","Group Call","202","SV","Off","Carrier","Off","1","1","1","Off","1","1","None","None","Off","Off","Off","Off","Normal Encryption","Off","Off","Off","Off","251.1","1","Off","On","Off","Off","Off","Off","1","0","Off","0","0","0","0","0","0","0","0","0"
"3877","PMR EUR CH15","446.18125","446.18125","A-Analog","High","12.5K","Off","Off","202","Group Call","202","SV","Off","Carrier","Off","1","1","1","Off","1","1","None","None","Off","Off","Off","Off","Normal Encryption","Off","Off","Off","Off","251.1","1","Off","On","Off","Off","Off","Off","1","0","Off","0","0","0","0","0","0","0","0","0"
"3878","PMR EUR CH16","446.19375","446.19375","A-Analog","High","12.5K","Off","Off","202","Group Call","202","SV","Off","Carrier","Off","1","1","1","Off","1","1","None","None","Off","Off","Off","Off","Normal Encryption","Off","Off","Off","Off","251.1","1","Off","On","Off","Off","Off","Off","1","0","Off","0","0","0","0","0","0","0","0","0"
"3879","PMR USA CH01","462.56250","462.56250","A-Analog","High","12.5K","Off","Off","202","Group Call","202","SV","Off","Carrier","Off","1","1","1","Off","1","1","None","None","Off","Off","Off","Off","Normal Encryption","Off","Off","Off","Off","251.1","1","Off","On","Off","Off","Off","Off","1","0","Off","0","0","0","0","0","0","0","0","0"
"3880","PMR USA CH02","462.58750","462.58750","A-Analog","High","12.5K","Off","Off","202","Group Call","202","SV","Off","Carrier","Off","1","1","1","Off","1","1","None","None","Off","Off","Off","Off","Normal Encryption","Off","Off","Off","Off","251.1","1","Off","On","Off","Off","Off","Off","1","0","Off","0","0","0","0","0","0","0","0","0"
"3881","PMR USA CH03","462.61250","462.61250","A-Analog","High","12.5K","Off","Off","202","Group Call","202","SV","Off","Carrier","Off","1","1","1","Off","1","1","None","None","Off","Off","Off","Off","Normal Encryption","Off","Off","Off","Off","251.1","1","Off","On","Off","Off","Off","Off","1","0","Off","0","0","0","0","0","0","0","0","0"
"3882","PMR USA CH04","462.63750","462.63750","A-Analog","High","12.5K","Off","Off","202","Group Call","202","SV","Off","Carrier","Off","1","1","1","Off","1","1","None","None","Off","Off","Off","Off","Normal Encryption","Off","Off","Off","Off","251.1","1","Off","On","Off","Off","Off","Off","1","0","Off","0","0","0","0","0","0","0","0","0"
"3883","PMR USA CH05","462.66250","462.66250","A-Analog","High","12.5K","Off","Off","202","Group Call","202","SV","Off","Carrier","Off","1","1","1","Off","1","1","None","None","Off","Off","Off","Off","Normal Encryption","Off","Off","Off","Off","251.1","1","Off","On","Off","Off","Off","Off","1","0","Off","0","0","0","0","0","0","0","0","0"
"3884","PMR USA CH06","462.68750","462.68750","A-Analog","High","12.5K","Off","Off","202","Group Call","202","SV","Off","Carrier","Off","1","1","1","Off","1","1","None","None","Off","Off","Off","Off","Normal Encryption","Off","Off","Off","Off","251.1","1","Off","On","Off","Off","Off","Off","1","0","Off","0","0","0","0","0","0","0","0","0"
"3885","PMR USA CH07","462.71250","462.71250","A-Analog","High","12.5K","Off","Off","202","Group Call","202","SV","Off","Carrier","Off","1","1","1","Off","1","1","None","None","Off","Off","Off","Off","Normal Encryption","Off","Off","Off","Off","251.1","1","Off","On","Off","Off","Off","Off","1","0","Off","0","0","0","0","0","0","0","0","0"
"3886","PMR USA CH08","467.56250","467.56250","A-Analog","High","12.5K","Off","Off","202","Group Call","202","SV","Off","Carrier","Off","1","1","1","Off","1","1","None","None","Off","Off","Off","Off","Normal Encryption","Off","Off","Off","Off","251.1","1","Off","On","Off","Off","Off","Off","1","0","Off","0","0","0","0","0","0","0","0","0"
"3887","PMR USA CH09","467.58750","467.58750","A-Analog","High","12.5K","Off","Off","202","Group Call","202","SV","Off","Carrier","Off","1","1","1","Off","1","1","None","None","Off","Off","Off","Off","Normal Encryption","Off","Off","Off","Off","251.1","1","Off","On","Off","Off","Off","Off","1","0","Off","0","0","0","0","0","0","0","0","0"
"3888","PMR USA CH10","467.61250","467.61250","A-Analog","High","12.5K","Off","Off","202","Group Call","202","SV","Off","Carrier","Off","1","1","1","Off","1","1","None","None","Off","Off","Off","Off","Normal Encryption","Off","Off","Off","Off","251.1","1","Off","On","Off","Off","Off","Off","1","0","Off","0","0","0","0","0","0","0","0","0"
"3889","PMR USA CH11","467.63750","467.63750","A-Analog","High","12.5K","Off","Off","202","Group Call","202","SV","Off","Carrier","Off","1","1","1","Off","1","1","None","None","Off","Off","Off","Off","Normal Encryption","Off","Off","Off","Off","251.1","1","Off","On","Off","Off","Off","Off","1","0","Off","0","0","0","0","0","0","0","0","0"
"3890","PMR USA CH12","467.66250","467.66250","A-Analog","High","12.5K","Off","Off","202","Group Call","202","SV","Off","Carrier","Off","1","1","1","Off","1","1","None","None","Off","Off","Off","Off","Normal Encryption","Off","Off","Off","Off","251.1","1","Off","On","Off","Off","Off","Off","1","0","Off","0","0","0","0","0","0","0","0","0"
"3891","PMR USA CH13","467.68750","467.68750","A-Analog","High","12.5K","Off","Off","202","Group Call","202","SV","Off","Carrier","Off","1","1","1","Off","1","1","None","None","Off","Off","Off","Off","Normal Encryption","Off","Off","Off","Off","251.1","1","Off","On","Off","Off","Off","Off","1","0","Off","0","0","0","0","0","0","0","0","0"
"3892","PMR USA CH14","467.71250","467.71250","A-Analog","High","12.5K","Off","Off","202","Group Call","202","SV","Off","Carrier","Off","1","1","1","Off","1","1","None","None","Off","Off","Off","Off","Normal Encryption","Off","Off","Off","Off","251.1","1","Off","On","Off","Off","Off","Off","1","0","Off","0","0","0","0","0","0","0","0","0"
"3893","PMR USA CH15","462.55000","462.55000","A-Analog","High","12.5K","Off","Off","202","Group Call","202","SV","Off","Carrier","Off","1","1","1","Off","1","1","None","None","Off","Off","Off","Off","Normal Encryption","Off","Off","Off","Off","251.1","1","Off","On","Off","Off","Off","Off","1","0","Off","0","0","0","0","0","0","0","0","0"
"3894","PMR USA CH16","462.57500","462.57500","A-Analog","High","12.5K","Off","Off","202","Group Call","202","SV","Off","Carrier","Off","1","1","1","Off","1","1","None","None","Off","Off","Off","Off","Normal Encryption","Off","Off","Off","Off","251.1","1","Off","On","Off","Off","Off","Off","1","0","Off","0","0","0","0","0","0","0","0","0"
"3895","PMR USA CH17","462.60000","462.60000","A-Analog","High","12.5K","Off","Off","202","Group Call","202","SV","Off","Carrier","Off","1","1","1","Off","1","1","None","None","Off","Off","Off","Off","Normal Encryption","Off","Off","Off","Off","251.1","1","Off","On","Off","Off","Off","Off","1","0","Off","0","0","0","0","0","0","0","0","0"
"3896","PMR USA CH18","462.62500","462.62500","A-Analog","High","12.5K","Off","Off","202","Group Call","202","SV","Off","Carrier","Off","1","1","1","Off","1","1","None","None","Off","Off","Off","Off","Normal Encryption","Off","Off","Off","Off","251.1","1","Off","On","Off","Off","Off","Off","1","0","Off","0","0","0","0","0","0","0","0","0"
"3897","PMR USA CH19","462.65000","462.65000","A-Analog","High","12.5K","Off","Off","202","Group Call","202","SV","Off","Carrier","Off","1","1","1","Off","1","1","None","None","Off","Off","Off","Off","Normal Encryption","Off","Off","Off","Off","251.1","1","Off","On","Off","Off","Off","Off","1","0","Off","0","0","0","0","0","0","0","0","0"
"3898","PMR USA CH20","462.67500","462.67500","A-Analog","High","12.5K","Off","Off","202","Group Call","202","SV","Off","Carrier","Off","1","1","1","Off","1","1","None","None","Off","Off","Off","Off","Normal Encryption","Off","Off","Off","Off","251.1","1","Off","On","Off","Off","Off","Off","1","0","Off","0","0","0","0","0","0","0","0","0"
"3899","PMR USA CH21","462.70000","462.70000","A-Analog","High","12.5K","Off","Off","202","Group Call","202","SV","Off","Carrier","Off","1","1","1","Off","1","1","None","None","Off","Off","Off","Off","Normal Encryption","Off","Off","Off","Off","251.1","1","Off","On","Off","Off","Off","Off","1","0","Off","0","0","0","0","0","0","0","0","0"
"3900","PMR USA CH22","462.72500","462.72500","A-Analog","High","12.5K","Off","Off","202","Group Call","202","SV","Off","Carrier","Off","1","1","1","Off","1","1","None","None","Off","Off","Off","Off","Normal Encryption","Off","Off","Off","Off","251.1","1","Off","On","Off","Off","Off","Off","1","0","Off","0","0","0","0","0","0","0","0","0"
"3901","LPD-01","433.07500","433.07500","A-Analog","High","12.5K","Off","Off","202","Group Call","202","SV","Off","Carrier","Off","1","1","1","Off","1","1","None","None","Off","Off","Off","Off","Normal Encryption","Off","Off","Off","Off","251.1","1","Off","On","Off","Off","Off","Off","1","0","Off","0","0","0","0","0","0","0","0","0"
"3902","LPD-02","433.07500","433.07500","A-Analog","High","12.5K","Off","Off","202","Group Call","202","SV","Off","Carrier","Off","1","1","1","Off","1","1","None","None","Off","Off","Off","Off","Normal Encryption","Off","Off","Off","Off","251.1","1","Off","On","Off","Off","Off","Off","1","0","Off","0","0","0","0","0","0","0","0","0"
"3903","LPD-03","433.07500","433.07500","A-Analog","High","12.5K","Off","Off","202","Group Call","202","SV","Off","Carrier","Off","1","1","1","Off","1","1","None","None","Off","Off","Off","Off","Normal Encryption","Off","Off","Off","Off","251.1","1","Off","On","Off","Off","Off","Off","1","0","Off","0","0","0","0","0","0","0","0","0"
"3904","LPD-04","433.07500","433.07500","A-Analog","High","12.5K","Off","Off","202","Group Call","202","SV","Off","Carrier","Off","1","1","1","Off","1","1","None","None","Off","Off","Off","Off","Normal Encryption","Off","Off","Off","Off","251.1","1","Off","On","Off","Off","Off","Off","1","0","Off","0","0","0","0","0","0","0","0","0"
"3905","LPD-05","433.07500","433.07500","A-Analog","High","12.5K","Off","Off","202","Group Call","202","SV","Off","Carrier","Off","1","1","1","Off","1","1","None","None","Off","Off","Off","Off","Normal Encryption","Off","Off","Off","Off","251.1","1","Off","On","Off","Off","Off","Off","1","0","Off","0","0","0","0","0","0","0","0","0"
"3906","LPD-06","433.07500","433.07500","A-Analog","High","12.5K","Off","Off","202","Group Call","202","SV","Off","Carrier","Off","1","1","1","Off","1","1","None","None","Off","Off","Off","Off","Normal Encryption","Off","Off","Off","Off","251.1","1","Off","On","Off","Off","Off","Off","1","0","Off","0","0","0","0","0","0","0","0","0"
"3907","LPD-07","433.07500","433.07500","A-Analog","High","12.5K","Off","Off","202","Group Call","202","SV","Off","Carrier","Off","1","1","1","Off","1","1","None","None","Off","Off","Off","Off","Normal Encryption","Off","Off","Off","Off","251.1","1","Off","On","Off","Off","Off","Off","1","0","Off","0","0","0","0","0","0","0","0","0"
"3908","LPD-08","433.07500","433.07500","A-Analog","High","12.5K","Off","Off","202","Group Call","202","SV","Off","Carrier","Off","1","1","1","Off","1","1","None","None","Off","Off","Off","Off","Normal Encryption","Off","Off","Off","Off","251.1","1","Off","On","Off","Off","Off","Off","1","0","Off","0","0","0","0","0","0","0","0","0"
"3909","LPD-09","433.07500","433.07500","A-Analog","High","12.5K","Off","Off","202","Group Call","202","SV","Off","Carrier","Off","1","1","1","Off","1","1","None","None","Off","Off","Off","Off","Normal Encryption","Off","Off","Off","Off","251.1","1","Off","On","Off","Off","Off","Off","1","0","Off","0","0","0","0","0","0","0","0","0"
"3910","LPD-10","433.07500","433.07500","A-Analog","High","12.5K","Off","Off","202","Group Call","202","SV","Off","Carrier","Off","1","1","1","Off","1","1","None","None","Off","Off","Off","Off","Normal Encryption","Off","Off","Off","Off","251.1","1","Off","On","Off","Off","Off","Off","1","0","Off","0","0","0","0","0","0","0","0","0"
"3911","LPD-11","433.07500","433.07500","A-Analog","High","12.5K","Off","Off","202","Group Call","202","SV","Off","Carrier","Off","1","1","1","Off","1","1","None","None","Off","Off","Off","Off","Normal Encryption","Off","Off","Off","Off","251.1","1","Off","On","Off","Off","Off","Off","1","0","Off","0","0","0","0","0","0","0","0","0"
"3912","LPD-12","433.07500","433.07500","A-Analog","High","12.5K","Off","Off","202","Group Call","202","SV","Off","Carrier","Off","1","1","1","Off","1","1","None","None","Off","Off","Off","Off","Normal Encryption","Off","Off","Off","Off","251.1","1","Off","On","Off","Off","Off","Off","1","0","Off","0","0","0","0","0","0","0","0","0"
"3913","LPD-13","433.07500","433.07500","A-Analog","High","12.5K","Off","Off","202","Group Call","202","SV","Off","Carrier","Off","1","1","1","Off","1","1","None","None","Off","Off","Off","Off","Normal Encryption","Off","Off","Off","Off","251.1","1","Off","On","Off","Off","Off","Off","1","0","Off","0","0","0","0","0","0","0","0","0"
"3914","LPD-14","433.07500","433.07500","A-Analog","High","12.5K","Off","Off","202","Group Call","202","SV","Off","Carrier","Off","1","1","1","Off","1","1","None","None","Off","Off","Off","Off","Normal Encryption","Off","Off","Off","Off","251.1","1","Off","On","Off","Off","Off","Off","1","0","Off","0","0","0","0","0","0","0","0","0"
"3915","LPD-15","433.07500","433.07500","A-Analog","High","12.5K","Off","Off","202","Group Call","202","SV","Off","Carrier","Off","1","1","1","Off","1","1","None","None","Off","Off","Off","Off","Normal Encryption","Off","Off","Off","Off","251.1","1","Off","On","Off","Off","Off","Off","1","0","Off","0","0","0","0","0","0","0","0","0"
"3916","LPD-16","433.07500","433.07500","A-Analog","High","12.5K","Off","Off","202","Group Call","202","SV","Off","Carrier","Off","1","1","1","Off","1","1","None","None","Off","Off","Off","Off","Normal Encryption","Off","Off","Off","Off","251.1","1","Off","On","Off","Off","Off","Off","1","0","Off","0","0","0","0","0","0","0","0","0"
"3917","LPD-17","433.07500","433.07500","A-Analog","High","12.5K","Off","Off","202","Group Call","202","SV","Off","Carrier","Off","1","1","1","Off","1","1","None","None","Off","Off","Off","Off","Normal Encryption","Off","Off","Off","Off","251.1","1","Off","On","Off","Off","Off","Off","1","0","Off","0","0","0","0","0","0","0","0","0"
"3918","LPD-18","433.07500","433.07500","A-Analog","High","12.5K","Off","Off","202","Group Call","202","SV","Off","Carrier","Off","1","1","1","Off","1","1","None","None","Off","Off","Off","Off","Normal Encryption","Off","Off","Off","Off","251.1","1","Off","On","Off","Off","Off","Off","1","0","Off","0","0","0","0","0","0","0","0","0"
"3919","LPD-19","433.07500","433.07500","A-Analog","High","12.5K","Off","Off","202","Group Call","202","SV","Off","Carrier","Off","1","1","1","Off","1","1","None","None","Off","Off","Off","Off","Normal Encryption","Off","Off","Off","Off","251.1","1","Off","On","Off","Off","Off","Off","1","0","Off","0","0","0","0","0","0","0","0","0"
"3920","LPD-20","433.07500","433.07500","A-Analog","High","12.5K","Off","Off","202","Group Call","202","SV","Off","Carrier","Off","1","1","1","Off","1","1","None","None","Off","Off","Off","Off","Normal Encryption","Off","Off","Off","Off","251.1","1","Off","On","Off","Off","Off","Off","1","0","Off","0","0","0","0","0","0","0","0","0"
"3921","LPD-21","433.07500","433.07500","A-Analog","High","12.5K","Off","Off","202","Group Call","202","SV","Off","Carrier","Off","1","1","1","Off","1","1","None","None","Off","Off","Off","Off","Normal Encryption","Off","Off","Off","Off","251.1","1","Off","On","Off","Off","Off","Off","1","0","Off","0","0","0","0","0","0","0","0","0"
"3922","LPD-22","433.07500","433.07500","A-Analog","High","12.5K","Off","Off","202","Group Call","202","SV","Off","Carrier","Off","1","1","1","Off","1","1","None","None","Off","Off","Off","Off","Normal Encryption","Off","Off","Off","Off","251.1","1","Off","On","Off","Off","Off","Off","1","0","Off","0","0","0","0","0","0","0","0","0"
"3923","LPD-23","433.07500","433.07500","A-Analog","High","12.5K","Off","Off","202","Group Call","202","SV","Off","Carrier","Off","1","1","1","Off","1","1","None","None","Off","Off","Off","Off","Normal Encryption","Off","Off","Off","Off","251.1","1","Off","On","Off","Off","Off","Off","1","0","Off","0","0","0","0","0","0","0","0","0"
"3924","LPD-24","433.07500","433.07500","A-Analog","High","12.5K","Off","Off","202","Group Call","202","SV","Off","Carrier","Off","1","1","1","Off","1","1","None","None","Off","Off","Off","Off","Normal Encryption","Off","Off","Off","Off","251.1","1","Off","On","Off","Off","Off","Off","1","0","Off","0","0","0","0","0","0","0","0","0"
"3925","LPD-25","433.07500","433.07500","A-Analog","High","12.5K","Off","Off","202","Group Call","202","SV","Off","Carrier","Off","1","1","1","Off","1","1","None","None","Off","Off","Off","Off","Normal Encryption","Off","Off","Off","Off","251.1","1","Off","On","Off","Off","Off","Off","1","0","Off","0","0","0","0","0","0","0","0","0"
"3926","LPD-26","433.07500","433.07500","A-Analog","High","12.5K","Off","Off","202","Group Call","202","SV","Off","Carrier","Off","1","1","1","Off","1","1","None","None","Off","Off","Off","Off","Normal Encryption","Off","Off","Off","Off","251.1","1","Off","On","Off","Off","Off","Off","1","0","Off","0","0","0","0","0","0","0","0","0"
"3927","LPD-27","433.07500","433.07500","A-Analog","High","12.5K","Off","Off","202","Group Call","202","SV","Off","Carrier","Off","1","1","1","Off","1","1","None","None","Off","Off","Off","Off","Normal Encryption","Off","Off","Off","Off","251.1","1","Off","On","Off","Off","Off","Off","1","0","Off","0","0","0","0","0","0","0","0","0"
"3928","LPD-28","433.07500","433.07500","A-Analog","High","12.5K","Off","Off","202","Group Call","202","SV","Off","Carrier","Off","1","1","1","Off","1","1","None","None","Off","Off","Off","Off","Normal Encryption","Off","Off","Off","Off","251.1","1","Off","On","Off","Off","Off","Off","1","0","Off","0","0","0","0","0","0","0","0","0"
"3929","LPD-29","433.07500","433.07500","A-Analog","High","12.5K","Off","Off","202","Group Call","202","SV","Off","Carrier","Off","1","1","1","Off","1","1","None","None","Off","Off","Off","Off","Normal Encryption","Off","Off","Off","Off","251.1","1","Off","On","Off","Off","Off","Off","1","0","Off","0","0","0","0","0","0","0","0","0"
"3930","LPD-30","433.07500","433.07500","A-Analog","High","12.5K","Off","Off","202","Group Call","202","SV","Off","Carrier","Off","1","1","1","Off","1","1","None","None","Off","Off","Off","Off","Normal Encryption","Off","Off","Off","Off","251.1","1","Off","On","Off","Off","Off","Off","1","0","Off","0","0","0","0","0","0","0","0","0"
"3931","LPD-31","433.07500","433.07500","A-Analog","High","12.5K","Off","Off","202","Group Call","202","SV","Off","Carrier","Off","1","1","1","Off","1","1","None","None","Off","Off","Off","Off","Normal Encryption","Off","Off","Off","Off","251.1","1","Off","On","Off","Off","Off","Off","1","0","Off","0","0","0","0","0","0","0","0","0"
"3932","LPD-32","433.07500","433.07500","A-Analog","High","12.5K","Off","Off","202","Group Call","202","SV","Off","Carrier","Off","1","1","1","Off","1","1","None","None","Off","Off","Off","Off","Normal Encryption","Off","Off","Off","Off","251.1","1","Off","On","Off","Off","Off","Off","1","0","Off","0","0","0","0","0","0","0","0","0"
"3933","LPD-33","433.07500","433.07500","A-Analog","High","12.5K","Off","Off","202","Group Call","202","SV","Off","Carrier","Off","1","1","1","Off","1","1","None","None","Off","Off","Off","Off","Normal Encryption","Off","Off","Off","Off","251.1","1","Off","On","Off","Off","Off","Off","1","0","Off","0","0","0","0","0","0","0","0","0"
"3934","LPD-34","433.07500","433.07500","A-Analog","High","12.5K","Off","Off","202","Group Call","202","SV","Off","Carrier","Off","1","1","1","Off","1","1","None","None","Off","Off","Off","Off","Normal Encryption","Off","Off","Off","Off","251.1","1","Off","On","Off","Off","Off","Off","1","0","Off","0","0","0","0","0","0","0","0","0"
"3935","LPD-35","433.07500","433.07500","A-Analog","High","12.5K","Off","Off","202","Group Call","202","SV","Off","Carrier","Off","1","1","1","Off","1","1","None","None","Off","Off","Off","Off","Normal Encryption","Off","Off","Off","Off","251.1","1","Off","On","Off","Off","Off","Off","1","0","Off","0","0","0","0","0","0","0","0","0"
"3936","LPD-36","433.07500","433.07500","A-Analog","High","12.5K","Off","Off","202","Group Call","202","SV","Off","Carrier","Off","1","1","1","Off","1","1","None","None","Off","Off","Off","Off","Normal Encryption","Off","Off","Off","Off","251.1","1","Off","On","Off","Off","Off","Off","1","0","Off","0","0","0","0","0","0","0","0","0"
"3937","LPD-37","433.07500","433.07500","A-Analog","High","12.5K","Off","Off","202","Group Call","202","SV","Off","Carrier","Off","1","1","1","Off","1","1","None","None","Off","Off","Off","Off","Normal Encryption","Off","Off","Off","Off","251.1","1","Off","On","Off","Off","Off","Off","1","0","Off","0","0","0","0","0","0","0","0","0"
"3938","LPD-38","433.07500","433.07500","A-Analog","High","12.5K","Off","Off","202","Group Call","202","SV","Off","Carrier","Off","1","1","1","Off","1","1","None","None","Off","Off","Off","Off","Normal Encryption","Off","Off","Off","Off","251.1","1","Off","On","Off","Off","Off","Off","1","0","Off","0","0","0","0","0","0","0","0","0"
"3939","LPD-39","433.07500","433.07500","A-Analog","High","12.5K","Off","Off","202","Group Call","202","SV","Off","Carrier","Off","1","1","1","Off","1","1","None","None","Off","Off","Off","Off","Normal Encryption","Off","Off","Off","Off","251.1","1","Off","On","Off","Off","Off","Off","1","0","Off","0","0","0","0","0","0","0","0","0"
"3940","LPD-40","433.07500","433.07500","A-Analog","High","12.5K","Off","Off","202","Group Call","202","SV","Off","Carrier","Off","1","1","1","Off","1","1","None","None","Off","Off","Off","Off","Normal Encryption","Off","Off","Off","Off","251.1","1","Off","On","Off","Off","Off","Off","1","0","Off","0","0","0","0","0","0","0","0","0"
"3941","LPD-41","433.07500","433.07500","A-Analog","High","12.5K","Off","Off","202","Group Call","202","SV","Off","Carrier","Off","1","1","1","Off","1","1","None","None","Off","Off","Off","Off","Normal Encryption","Off","Off","Off","Off","251.1","1","Off","On","Off","Off","Off","Off","1","0","Off","0","0","0","0","0","0","0","0","0"
"3942","LPD-42","433.07500","433.07500","A-Analog","High","12.5K","Off","Off","202","Group Call","202","SV","Off","Carrier","Off","1","1","1","Off","1","1","None","None","Off","Off","Off","Off","Normal Encryption","Off","Off","Off","Off","251.1","1","Off","On","Off","Off","Off","Off","1","0","Off","0","0","0","0","0","0","0","0","0"
"3943","LPD-43","433.07500","433.07500","A-Analog","High","12.5K","Off","Off","202","Group Call","202","SV","Off","Carrier","Off","1","1","1","Off","1","1","None","None","Off","Off","Off","Off","Normal Encryption","Off","Off","Off","Off","251.1","1","Off","On","Off","Off","Off","Off","1","0","Off","0","0","0","0","0","0","0","0","0"
"3944","LPD-44","433.07500","433.07500","A-Analog","High","12.5K","Off","Off","202","Group Call","202","SV","Off","Carrier","Off","1","1","1","Off","1","1","None","None","Off","Off","Off","Off","Normal Encryption","Off","Off","Off","Off","251.1","1","Off","On","Off","Off","Off","Off","1","0","Off","0","0","0","0","0","0","0","0","0"
"3945","LPD-45","433.07500","433.07500","A-Analog","High","12.5K","Off","Off","202","Group Call","202","SV","Off","Carrier","Off","1","1","1","Off","1","1","None","None","Off","Off","Off","Off","Normal Encryption","Off","Off","Off","Off","251.1","1","Off","On","Off","Off","Off","Off","1","0","Off","0","0","0","0","0","0","0","0","0"
"3946","LPD-46","433.07500","433.07500","A-Analog","High","12.5K","Off","Off","202","Group Call","202","SV","Off","Carrier","Off","1","1","1","Off","1","1","None","None","Off","Off","Off","Off","Normal Encryption","Off","Off","Off","Off","251.1","1","Off","On","Off","Off","Off","Off","1","0","Off","0","0","0","0","0","0","0","0","0"
"3947","LPD-47","433.07500","433.07500","A-Analog","High","12.5K","Off","Off","202","Group Call","202","SV","Off","Carrier","Off","1","1","1","Off","1","1","None","None","Off","Off","Off","Off","Normal Encryption","Off","Off","Off","Off","251.1","1","Off","On","Off","Off","Off","Off","1","0","Off","0","0","0","0","0","0","0","0","0"
"3948","LPD-48","433.07500","433.07500","A-Analog","High","12.5K","Off","Off","202","Group Call","202","SV","Off","Carrier","Off","1","1","1","Off","1","1","None","None","Off","Off","Off","Off","Normal Encryption","Off","Off","Off","Off","251.1","1","Off","On","Off","Off","Off","Off","1","0","Off","0","0","0","0","0","0","0","0","0"
"3949","LPD-49","433.07500","433.07500","A-Analog","High","12.5K","Off","Off","202","Group Call","202","SV","Off","Carrier","Off","1","1","1","Off","1","1","None","None","Off","Off","Off","Off","Normal Encryption","Off","Off","Off","Off","251.1","1","Off","On","Off","Off","Off","Off","1","0","Off","0","0","0","0","0","0","0","0","0"
"3950","LPD-50","433.07500","433.07500","A-Analog","High","12.5K","Off","Off","202","Group Call","202","SV","Off","Carrier","Off","1","1","1","Off","1","1","None","None","Off","Off","Off","Off","Normal Encryption","Off","Off","Off","Off","251.1","1","Off","On","Off","Off","Off","Off","1","0","Off","0","0","0","0","0","0","0","0","0"
"3951","LPD-51","433.07500","433.07500","A-Analog","High","12.5K","Off","Off","202","Group Call","202","SV","Off","Carrier","Off","1","1","1","Off","1","1","None","None","Off","Off","Off","Off","Normal Encryption","Off","Off","Off","Off","251.1","1","Off","On","Off","Off","Off","Off","1","0","Off","0","0","0","0","0","0","0","0","0"
"3952","LPD-52","433.07500","433.07500","A-Analog","High","12.5K","Off","Off","202","Group Call","202","SV","Off","Carrier","Off","1","1","1","Off","1","1","None","None","Off","Off","Off","Off","Normal Encryption","Off","Off","Off","Off","251.1","1","Off","On","Off","Off","Off","Off","1","0","Off","0","0","0","0","0","0","0","0","0"
"3953","LPD-53","433.07500","433.07500","A-Analog","High","12.5K","Off","Off","202","Group Call","202","SV","Off","Carrier","Off","1","1","1","Off","1","1","None","None","Off","Off","Off","Off","Normal Encryption","Off","Off","Off","Off","251.1","1","Off","On","Off","Off","Off","Off","1","0","Off","0","0","0","0","0","0","0","0","0"
"3954","LPD-54","433.07500","433.07500","A-Analog","High","12.5K","Off","Off","202","Group Call","202","SV","Off","Carrier","Off","1","1","1","Off","1","1","None","None","Off","Off","Off","Off","Normal Encryption","Off","Off","Off","Off","251.1","1","Off","On","Off","Off","Off","Off","1","0","Off","0","0","0","0","0","0","0","0","0"
"3955","LPD-55","433.07500","433.07500","A-Analog","High","12.5K","Off","Off","202","Group Call","202","SV","Off","Carrier","Off","1","1","1","Off","1","1","None","None","Off","Off","Off","Off","Normal Encryption","Off","Off","Off","Off","251.1","1","Off","On","Off","Off","Off","Off","1","0","Off","0","0","0","0","0","0","0","0","0"
"3956","LPD-56","433.07500","433.07500","A-Analog","High","12.5K","Off","Off","202","Group Call","202","SV","Off","Carrier","Off","1","1","1","Off","1","1","None","None","Off","Off","Off","Off","Normal Encryption","Off","Off","Off","Off","251.1","1","Off","On","Off","Off","Off","Off","1","0","Off","0","0","0","0","0","0","0","0","0"
"3957","LPD-57","433.07500","433.07500","A-Analog","High","12.5K","Off","Off","202","Group Call","202","SV","Off","Carrier","Off","1","1","1","Off","1","1","None","None","Off","Off","Off","Off","Normal Encryption","Off","Off","Off","Off","251.1","1","Off","On","Off","Off","Off","Off","1","0","Off","0","0","0","0","0","0","0","0","0"
"3958","LPD-58","433.07500","433.07500","A-Analog","High","12.5K","Off","Off","202","Group Call","202","SV","Off","Carrier","Off","1","1","1","Off","1","1","None","None","Off","Off","Off","Off","Normal Encryption","Off","Off","Off","Off","251.1","1","Off","On","Off","Off","Off","Off","1","0","Off","0","0","0","0","0","0","0","0","0"
"3959","LPD-59","433.07500","433.07500","A-Analog","High","12.5K","Off","Off","202","Group Call","202","SV","Off","Carrier","Off","1","1","1","Off","1","1","None","None","Off","Off","Off","Off","Normal Encryption","Off","Off","Off","Off","251.1","1","Off","On","Off","Off","Off","Off","1","0","Off","0","0","0","0","0","0","0","0","0"
"3960","LPD-60","433.07500","433.07500","A-Analog","High","12.5K","Off","Off","202","Group Call","202","SV","Off","Carrier","Off","1","1","1","Off","1","1","None","None","Off","Off","Off","Off","Normal Encryption","Off","Off","Off","Off","251.1","1","Off","On","Off","Off","Off","Off","1","0","Off","0","0","0","0","0","0","0","0","0"
"3961","LPD-61","433.07500","433.07500","A-Analog","High","12.5K","Off","Off","202","Group Call","202","SV","Off","Carrier","Off","1","1","1","Off","1","1","None","None","Off","Off","Off","Off","Normal Encryption","Off","Off","Off","Off","251.1","1","Off","On","Off","Off","Off","Off","1","0","Off","0","0","0","0","0","0","0","0","0"
"3962","LPD-62","433.07500","433.07500","A-Analog","High","12.5K","Off","Off","202","Group Call","202","SV","Off","Carrier","Off","1","1","1","Off","1","1","None","None","Off","Off","Off","Off","Normal Encryption","Off","Off","Off","Off","251.1","1","Off","On","Off","Off","Off","Off","1","0","Off","0","0","0","0","0","0","0","0","0"
"3963","LPD-63","433.07500","433.07500","A-Analog","High","12.5K","Off","Off","202","Group Call","202","SV","Off","Carrier","Off","1","1","1","Off","1","1","None","None","Off","Off","Off","Off","Normal Encryption","Off","Off","Off","Off","251.1","1","Off","On","Off","Off","Off","Off","1","0","Off","0","0","0","0","0","0","0","0","0"
"3964","LPD-64","433.07500","433.07500","A-Analog","High","12.5K","Off","Off","202","Group Call","202","SV","Off","Carrier","Off","1","1","1","Off","1","1","None","None","Off","Off","Off","Off","Normal Encryption","Off","Off","Off","Off","251.1","1","Off","On","Off","Off","Off","Off","1","0","Off","0","0","0","0","0","0","0","0","0"
"3965","LPD-65","433.07500","433.07500","A-Analog","High","12.5K","Off","Off","202","Group Call","202","SV","Off","Carrier","Off","1","1","1","Off","1","1","None","None","Off","Off","Off","Off","Normal Encryption","Off","Off","Off","Off","251.1","1","Off","On","Off","Off","Off","Off","1","0","Off","0","0","0","0","0","0","0","0","0"
"3966","LPD-66","433.07500","433.07500","A-Analog","High","12.5K","Off","Off","202","Group Call","202","SV","Off","Carrier","Off","1","1","1","Off","1","1","None","None","Off","Off","Off","Off","Normal Encryption","Off","Off","Off","Off","251.1","1","Off","On","Off","Off","Off","Off","1","0","Off","0","0","0","0","0","0","0","0","0"
"3967","LPD-67","433.07500","433.07500","A-Analog","High","12.5K","Off","Off","202","Group Call","202","SV","Off","Carrier","Off","1","1","1","Off","1","1","None","None","Off","Off","Off","Off","Normal Encryption","Off","Off","Off","Off","251.1","1","Off","On","Off","Off","Off","Off","1","0","Off","0","0","0","0","0","0","0","0","0"
"3968","LPD-68","433.07500","433.07500","A-Analog","High","12.5K","Off","Off","202","Group Call","202","SV","Off","Carrier","Off","1","1","1","Off","1","1","None","None","Off","Off","Off","Off","Normal Encryption","Off","Off","Off","Off","251.1","1","Off","On","Off","Off","Off","Off","1","0","Off","0","0","0","0","0","0","0","0","0"
"3969","LPD-69","433.07500","433.07500","A-Analog","High","12.5K","Off","Off","202","Group Call","202","SV","Off","Carrier","Off","1","1","1","Off","1","1","None","None","Off","Off","Off","Off","Normal Encryption","Off","Off","Off","Off","251.1","1","Off","On","Off","Off","Off","Off","1","0","Off","0","0","0","0","0","0","0","0","0"
