"3788","MARINE 1","160.65000","156.05000","A-Analog","High","12.5K","Off","Off","202","Group Call","202","SV1RVP","Off","Carrier","Off","1","1","1","Off","1","1","None","None","Off","Off","Off","Off","Normal Encryption","Off","Off","Off","Off","251.1","1","Off","On","Off","Off","Off","Off","1","0","Off","0","0","0","0","0","0","0","0","0"
"3789","MARINE 2","160.70000","156.10000","A-Analog","High","12.5K","Off","Off","202","Group Call","202","SV1RVP","Off","Carrier","Off","1","1","1","Off","1","1","None","None","Off","Off","Off","Off","Normal Encryption","Off","Off","Off","Off","251.1","1","Off","On","Off","Off","Off","Off","1","0","Off","0","0","0","0","0","0","0","0","0"
"3790","MARINE 3","160.75000","156.15000","A-Analog","High","12.5K","Off","Off","202","Group Call","202","SV1RVP","Off","Carrier","Off","1","1","1","Off","1","1","None","None","Off","Off","Off","Off","Normal Encryption","Off","Off","Off","Off","251.1","1","Off","On","Off","Off","Off","Off","1","0","Off","0","0","0","0","0","0","0","0","0"
"3791","MARINE 4","160.80000","156.20000","A-Analog","High","12.5K","Off","Off","202","Group Call","202","SV1RVP","Off","Carrier","Off","1","1","1","Off","1","1","None","None","Off","Off","Off","Off","Normal Encryption","Off","Off","Off","Off","251.1","1","Off","On","Off","Off","Off","Off","1","0","Off","0","0","0","0","0","0","0","0","0"
"3792","MARINE 5","160.85000","156.25000","A-Analog","High","12.5K","Off","Off","202","Group Call","202","SV1RVP","Off","Carrier","Off","1","1","1","Off","1","1","None","None","Off","Off","Off","Off","Normal Encryption","Off","Off","Off","Off","251.1","1","Off","On","Off","Off","Off","Off","1","0","Off","0","0","0","0","0","0","0","0","0"
"3793","MARINE 6","156.30000","156.30000","A-Analog","High","12.5K","Off","Off","202","Group Call","202","SV1RVP","Off","Carrier","Off","1","1","1","Off","1","1","None","None","Off","Off","Off","Off","Normal Encryption","Off","Off","Off","Off","251.1","1","Off","On","Off","Off","Off","Off","1","0","Off","0","0","0","0","0","0","0","0","0"
"3794","MARINE 7","160.95000","156.35000","A-Analog","High","12.5K","Off","Off","202","Group Call","202","SV1RVP","Off","Carrier","Off","1","1","1","Off","1","1","None","None","Off","Off","Off","Off","Normal Encryption","Off","Off","Off","Off","251.1","1","Off","On","Off","Off","Off","Off","1","0","Off","0","0","0","0","0","0","0","0","0"
"3795","MARINE 8","156.40000","156.40000","A-Analog","High","12.5K","Off","Off","202","Group Call","202","SV1RVP","Off","Carrier","Off","1","1","1","Off","1","1","None","None","Off","Off","Off","Off","Normal Encryption","Off","Off","Off","Off","251.1","1","Off","On","Off","Off","Off","Off","1","0","Off","0","0","0","0","0","0","0","0","0"
"3796","MARINE 9","156.45000","156.45000","A-Analog","High","12.5K","Off","Off","202","Group Call","202","SV1RVP","Off","Carrier","Off","1","1","1","Off","1","1","None","None","Off","Off","Off","Off","Normal Encryption","Off","Off","Off","Off","251.1","1","Off","On","Off","Off","Off","Off","1","0","Off","0","0","0","0","0","0","0","0","0"
"3797","MARINE 10","156.50000","156.50000","A-Analog","High","12.5K","Off","Off","202","Group Call","202","SV1RVP","Off","Carrier","Off","1","1","1","Off","1","1","None","None","Off","Off","Off","Off","Normal Encryption","Off","Off","Off","Off","251.1","1","Off","On","Off","Off","Off","Off","1","0","Off","0","0","0","0","0","0","0","0","0"
"3798","MARINE 11","156.55000","156.55000","A-Analog","High","12.5K","Off","Off","202","Group Call","202","SV1RVP","Off","Carrier","Off","1","1","1","Off","1","1","None","None","Off","Off","Off","Off","Normal Encryption","Off","Off","Off","Off","251.1","1","Off","On","Off","Off","Off","Off","1","0","Off","0","0","0","0","0","0","0","0","0"
"3799","MARINE 12","156.60000","156.60000","A-Analog","High","12.5K","Off","Off","202","Group Call","202","SV1RVP","Off","Carrier","Off","1","1","1","Off","1","1","None","None","Off","Off","Off","Off","Normal Encryption","Off","Off","Off","Off","251.1","1","Off","On","Off","Off","Off","Off","1","0","Off","0","0","0","0","0","0","0","0","0"
"3800","MARINE 13","156.65000","156.65000","A-Analog","High","12.5K","Off","Off","202","Group Call","202","SV1RVP","Off","Carrier","Off","1","1","1","Off","1","1","None","None","Off","Off","Off","Off","Normal Encryption","Off","Off","Off","Off","251.1","1","Off","On","Off","Off","Off","Off","1","0","Off","0","0","0","0","0","0","0","0","0"
"3801","MARINE 14","156.70000","156.70000","A-Analog","High","12.5K","Off","Off","202","Group Call","202","SV1RVP","Off","Carrier","Off","1","1","1","Off","1","1","None","None","Off","Off","Off","Off","Normal Encryption","Off","Off","Off","Off","251.1","1","Off","On","Off","Off","Off","Off","1","0","Off","0","0","0","0","0","0","0","0","0"
"3802","MARINE 15","156.75000","156.75000","A-Analog","High","12.5K","Off","Off","202","Group Call","202","SV1RVP","Off","Carrier","Off","1","1","1","Off","1","1","None","None","Off","Off","Off","Off","Normal Encryption","Off","Off","Off","Off","251.1","1","Off","On","Off","Off","Off","Off","1","0","Off","0","0","0","0","0","0","0","0","0"
"3803","MARINE 16","156.80000","156.80000","A-Analog","High","12.5K","Off","Off","202","Group Call","202","SV1RVP","Off","Carrier","Off","1","1","1","Off","1","1","None","None","Off","Off","Off","Off","Normal Encryption","Off","Off","Off","Off","251.1","1","Off","On","Off","Off","Off","Off","1","0","Off","0","0","0","0","0","0","0","0","0"
"3804","MARINE 17","156.85000","156.85000","A-Analog","High","12.5K","Off","Off","202","Group Call","202","SV1RVP","Off","Carrier","Off","1","1","1","Off","1","1","None","None","Off","Off","Off","Off","Normal Encryption","Off","Off","Off","Off","251.1","1","Off","On","Off","Off","Off","Off","1","0","Off","0","0","0","0","0","0","0","0","0"
"3805","MARINE 18","161.50000","156.90000","A-Analog","High","12.5K","Off","Off","202","Group Call","202","SV1RVP","Off","Carrier","Off","1","1","1","Off","1","1","None","None","Off","Off","Off","Off","Normal Encryption","Off","Off","Off","Off","251.1","1","Off","On","Off","Off","Off","Off","1","0","Off","0","0","0","0","0","0","0","0","0"
"3806","MARINE 19","161.55000","156.95000","A-Analog","High","12.5K","Off","Off","202","Group Call","202","SV1RVP","Off","Carrier","Off","1","1","1","Off","1","1","None","None","Off","Off","Off","Off","Normal Encryption","Off","Off","Off","Off","251.1","1","Off","On","Off","Off","Off","Off","1","0","Off","0","0","0","0","0","0","0","0","0"
"3807","MARINE 20","161.60000","157.00000","A-Analog","High","12.5K","Off","Off","202","Group Call","202","SV1RVP","Off","Carrier","Off","1","1","1","Off","1","1","None","None","Off","Off","Off","Off","Normal Encryption","Off","Off","Off","Off","251.1","1","Off","On","Off","Off","Off","Off","1","0","Off","0","0","0","0","0","0","0","0","0"
"3808","MARINE 21","161.65000","157.05000","A-Analog","High","12.5K","Off","Off","202","Group Call","202","SV1RVP","Off","Carrier","Off","1","1","1","Off","1","1","None","None","Off","Off","Off","Off","Normal Encryption","Off","Off","Off","Off","251.1","1","Off","On","Off","Off","Off","Off","1","0","Off","0","0","0","0","0","0","0","0","0"
"3809","MARINE 22","161.70000","157.10000","A-Analog","High","12.5K","Off","Off","202","Group Call","202","SV1RVP","Off","Carrier","Off","1","1","1","Off","1","1","None","None","Off","Off","Off","Off","Normal Encryption","Off","Off","Off","Off","251.1","1","Off","On","Off","Off","Off","Off","1","0","Off","0","0","0","0","0","0","0","0","0"
"3810","MARINE 23","161.75000","157.15000","A-Analog","High","12.5K","Off","Off","202","Group Call","202","SV1RVP","Off","Carrier","Off","1","1","1","Off","1","1","None","None","Off","Off","Off","Off","Normal Encryption","Off","Off","Off","Off","251.1","1","Off","On","Off","Off","Off","Off","1","0","Off","0","0","0","0","0","0","0","0","0"
"3811","MARINE 24","161.80000","157.20000","A-Analog","High","12.5K","Off","Off","202","Group Call","202","SV1RVP","Off","Carrier","Off","1","1","1","Off","1","1","None","None","Off","Off","Off","Off","Normal Encryption","Off","Off","Off","Off","251.1","1","Off","On","Off","Off","Off","Off","1","0","Off","0","0","0","0","0","0","0","0","0"
"3812","MARINE 25","161.85000","157.25000","A-Analog","High","12.5K","Off","Off","202","Group Call","202","SV1RVP","Off","Carrier","Off","1","1","1","Off","1","1","None","None","Off","Off","Off","Off","Normal Encryption","Off","Off","Off","Off","251.1","1","Off","On","Off","Off","Off","Off","1","0","Off","0","0","0","0","0","0","0","0","0"
"3813","MARINE 26","161.90000","157.30000","A-Analog","High","12.5K","Off","Off","202","Group Call","202","SV1RVP","Off","Carrier","Off","1","1","1","Off","1","1","None","None","Off","Off","Off","Off","Normal Encryption","Off","Off","Off","Off","251.1","1","Off","On","Off","Off","Off","Off","1","0","Off","0","0","0","0","0","0","0","0","0"
"3814","MARINE 27","161.95000","157.35000","A-Analog","High","12.5K","Off","Off","202","Group Call","202","SV1RVP","Off","Carrier","Off","1","1","1","Off","1","1","None","None","Off","Off","Off","Off","Normal Encryption","Off","Off","Off","Off","251.1","1","Off","On","Off","Off","Off","Off","1","0","Off","0","0","0","0","0","0","0","0","0"
"3815","MARINE 28","162.00000","157.40000","A-Analog","High","12.5K","Off","Off","202","Group Call","202","SV1RVP","Off","Carrier","Off","1","1","1","Off","1","1","None","None","Off","Off","Off","Off","Normal Encryption","Off","Off","Off","Off","251.1","1","Off","On","Off","Off","Off","Off","1","0","Off","0","0","0","0","0","0","0","0","0"
"3816","MARINE 60","160.62500","156.02500","A-Analog","High","12.5K","Off","Off","202","Group Call","202","SV1RVP","Off","Carrier","Off","1","1","1","Off","1","1","None","None","Off","Off","Off","Off","Normal Encryption","Off","Off","Off","Off","251.1","1","Off","On","Off","Off","Off","Off","1","0","Off","0","0","0","0","0","0","0","0","0"
"3817","MARINE 61","160.67500","156.07500","A-Analog","High","12.5K","Off","Off","202","Group Call","202","SV1RVP","Off","Carrier","Off","1","1","1","Off","1","1","None","None","Off","Off","Off","Off","Normal Encryption","Off","Off","Off","Off","251.1","1","Off","On","Off","Off","Off","Off","1","0","Off","0","0","0","0","0","0","0","0","0"
"3818","MARINE 62","160.72500","156.12500","A-Analog","High","12.5K","Off","Off","202","Group Call","202","SV1RVP","Off","Carrier","Off","1","1","1","Off","1","1","None","None","Off","Off","Off","Off","Normal Encryption","Off","Off","Off","Off","251.1","1","Off","On","Off","Off","Off","Off","1","0","Off","0","0","0","0","0","0","0","0","0"
"3819","MARINE 63","160.77500","156.17500","A-Analog","High","12.5K","Off","Off","202","Group Call","202","SV1RVP","Off","Carrier","Off","1","1","1","Off","1","1","None","None","Off","Off","Off","Off","Normal Encryption","Off","Off","Off","Off","251.1","1","Off","On","Off","Off","Off","Off","1","0","Off","0","0","0","0","0","0","0","0","0"
"3820","MARINE 64","160.82500","156.22500","A-Analog","High","12.5K","Off","Off","202","Group Call","202","SV1RVP","Off","Carrier","Off","1","1","1","Off","1","1","None","None","Off","Off","Off","Off","Normal Encryption","Off","Off","Off","Off","251.1","1","Off","On","Off","Off","Off","Off","1","0","Off","0","0","0","0","0","0","0","0","0"
"3821","MARINE 65","160.87500","156.27500","A-Analog","High","12.5K","Off","Off","202","Group Call","202","SV1RVP","Off","Carrier","Off","1","1","1","Off","1","1","None","None","Off","Off","Off","Off","Normal Encryption","Off","Off","Off","Off","251.1","1","Off","On","Off","Off","Off","Off","1","0","Off","0","0","0","0","0","0","0","0","0"
"3822","MARINE 66","160.92500","156.32500","A-Analog","High","12.5K","Off","Off","202","Group Call","202","SV1RVP","Off","Carrier","Off","1","1","1","Off","1","1","None","None","Off","Off","Off","Off","Normal Encryption","Off","Off","Off","Off","251.1","1","Off","On","Off","Off","Off","Off","1","0","Off","0","0","0","0","0","0","0","0","0"
"3823","MARINE 67","156.37500","156.37500","A-Analog","High","12.5K","Off","Off","202","Group Call","202","SV1RVP","Off","Carrier","Off","1","1","1","Off","1","1","None","None","Off","Off","Off","Off","Normal Encryption","Off","Off","Off","Off","251.1","1","Off","On","Off","Off","Off","Off","1","0","Off","0","0","0","0","0","0","0","0","0"
"3824","MARINE 68","156.42500","156.42500","A-Analog","High","12.5K","Off","Off","202","Group Call","202","SV1RVP","Off","Carrier","Off","1","1","1","Off","1","1","None","None","Off","Off","Off","Off","Normal Encryption","Off","Off","Off","Off","251.1","1","Off","On","Off","Off","Off","Off","1","0","Off","0","0","0","0","0","0","0","0","0"
"3825","MARINE 69","156.47500","156.47500","A-Analog","High","12.5K","Off","Off","202","Group Call","202","SV1RVP","Off","Carrier","Off","1","1","1","Off","1","1","None","None","Off","Off","Off","Off","Normal Encryption","Off","Off","Off","Off","251.1","1","Off","On","Off","Off","Off","Off","1","0","Off","0","0","0","0","0","0","0","0","0"
"3826","MARINE 70","156.52500","156.52500","A-Analog","High","12.5K","Off","Off","202","Group Call","202","SV1RVP","Off","Carrier","Off","1","1","1","Off","1","1","None","None","Off","Off","Off","Off","Normal Encryption","Off","Off","Off","Off","251.1","1","Off","On","Off","Off","Off","Off","1","0","Off","0","0","0","0","0","0","0","0","0"
"3827","MARINE 71","156.57500","156.57500","A-Analog","High","12.5K","Off","Off","202","Group Call","202","SV1RVP","Off","Carrier","Off","1","1","1","Off","1","1","None","None","Off","Off","Off","Off","Normal Encryption","Off","Off","Off","Off","251.1","1","Off","On","Off","Off","Off","Off","1","0","Off","0","0","0","0","0","0","0","0","0"
"3828","MARINE 72","156.62500","156.62500","A-Analog","High","12.5K","Off","Off","202","Group Call","202","SV1RVP","Off","Carrier","Off","1","1","1","Off","1","1","None","None","Off","Off","Off","Off","Normal Encryption","Off","Off","Off","Off","251.1","1","Off","On","Off","Off","Off","Off","1","0","Off","0","0","0","0","0","0","0","0","0"
"3829","MARINE 73","156.67500","156.67500","A-Analog","High","12.5K","Off","Off","202","Group Call","202","SV1RVP","Off","Carrier","Off","1","1","1","Off","1","1","None","None","Off","Off","Off","Off","Normal Encryption","Off","Off","Off","Off","251.1","1","Off","On","Off","Off","Off","Off","1","0","Off","0","0","0","0","0","0","0","0","0"
"3830","MARINE 74","156.72500","156.72500","A-Analog","High","12.5K","Off","Off","202","Group Call","202","SV1RVP","Off","Carrier","Off","1","1","1","Off","1","1","None","None","Off","Off","Off","Off","Normal Encryption","Off","Off","Off","Off","251.1","1","Off","On","Off","Off","Off","Off","1","0","Off","0","0","0","0","0","0","0","0","0"
"3831","MARINE 75","156.77500","156.77500","A-Analog","High","12.5K","Off","Off","202","Group Call","202","SV1RVP","Off","Carrier","Off","1","1","1","Off","1","1","None","None","Off","Off","Off","Off","Normal Encryption","Off","Off","Off","Off","251.1","1","Off","On","Off","Off","Off","Off","1","0","Off","0","0","0","0","0","0","0","0","0"
"3832","MARINE 76","156.82500","156.82500","A-Analog","High","12.5K","Off","Off","202","Group Call","202","SV1RVP","Off","Carrier","Off","1","1","1","Off","1","1","None","None","Off","Off","Off","Off","Normal Encryption","Off","Off","Off","Off","251.1","1","Off","On","Off","Off","Off","Off","1","0","Off","0","0","0","0","0","0","0","0","0"
"3833","MARINE 77","156.87500","156.87500","A-Analog","High","12.5K","Off","Off","202","Group Call","202","SV1RVP","Off","Carrier","Off","1","1","1","Off","1","1","None","None","Off","Off","Off","Off","Normal Encryption","Off","Off","Off","Off","251.1","1","Off","On","Off","Off","Off","Off","1","0","Off","0","0","0","0","0","0","0","0","0"
"3834","MARINE 78","161.52500","156.92500","A-Analog","High","12.5K","Off","Off","202","Group Call","202","SV1RVP","Off","Carrier","Off","1","1","1","Off","1","1","None","None","Off","Off","Off","Off","Normal Encryption","Off","Off","Off","Off","251.1","1","Off","On","Off","Off","Off","Off","1","0","Off","0","0","0","0","0","0","0","0","0"
"3835","MARINE 79","161.57500","156.97500","A-Analog","High","12.5K","Off","Off","202","Group Call","202","SV1RVP","Off","Carrier","Off","1","1","1","Off","1","1","None","None","Off","Off","Off","Off","Normal Encryption","Off","Off","Off","Off","251.1","1","Off","On","Off","Off","Off","Off","1","0","Off","0","0","0","0","0","0","0","0","0"
"3836","MARINE 80","161.62500","157.02500","A-Analog","High","12.5K","Off","Off","202","Group Call","202","SV1RVP","Off","Carrier","Off","1","1","1","Off","1","1","None","None","Off","Off","Off","Off","Normal Encryption","Off","Off","Off","Off","251.1","1","Off","On","Off","Off","Off","Off","1","0","Off","0","0","0","0","0","0","0","0","0"
"3837","MARINE 81","161.67500","157.07500","A-Analog","High","12.5K","Off","Off","202","Group Call","202","SV1RVP","Off","Carrier","Off","1","1","1","Off","1","1","None","None","Off","Off","Off","Off","Normal Encryption","Off","Off","Off","Off","251.1","1","Off","On","Off","Off","Off","Off","1","0","Off","0","0","0","0","0","0","0","0","0"
"3838","MARINE 82","161.72500","157.12500","A-Analog","High","12.5K","Off","Off","202","Group Call","202","SV1RVP","Off","Carrier","Off","1","1","1","Off","1","1","None","None","Off","Off","Off","Off","Normal Encryption","Off","Off","Off","Off","251.1","1","Off","On","Off","Off","Off","Off","1","0","Off","0","0","0","0","0","0","0","0","0"
"3839","MARINE 83","161.77500","157.17500","A-Analog","High","12.5K","Off","Off","202","Group Call","202","SV1RVP","Off","Carrier","Off","1","1","1","Off","1","1","None","None","Off","Off","Off","Off","Normal Encryption","Off","Off","Off","Off","251.1","1","Off","On","Off","Off","Off","Off","1","0","Off","0","0","0","0","0","0","0","0","0"
"3840","MARINE 84","161.82500","157.22500","A-Analog","High","12.5K","Off","Off","202","Group Call","202","SV1RVP","Off","Carrier","Off","1","1","1","Off","1","1","None","None","Off","Off","Off","Off","Normal Encryption","Off","Off","Off","Off","251.1","1","Off","On","Off","Off","Off","Off","1","0","Off","0","0","0","0","0","0","0","0","0"
"3841","MARINE 85","161.87500","157.27500","A-Analog","High","12.5K","Off","Off","202","Group Call","202","SV1RVP","Off","Carrier","Off","1","1","1","Off","1","1","None","None","Off","Off","Off","Off","Normal Encryption","Off","Off","Off","Off","251.1","1","Off","On","Off","Off","Off","Off","1","0","Off","0","0","0","0","0","0","0","0","0"
"3842","MARINE 86","161.92500","157.32500","A-Analog","High","12.5K","Off","Off","202","Group Call","202","SV1RVP","Off","Carrier","Off","1","1","1","Off","1","1","None","None","Off","Off","Off","Off","Normal Encryption","Off","Off","Off","Off","251.1","1","Off","On","Off","Off","Off","Off","1","0","Off","0","0","0","0","0","0","0","0","0"
"3843","MARINE 87","161.97500","157.37500","A-Analog","High","12.5K","Off","Off","202","Group Call","202","SV1RVP","Off","Carrier","Off","1","1","1","Off","1","1","None","None","Off","Off","Off","Off","Normal Encryption","Off","Off","Off","Off","251.1","1","Off","On","Off","Off","Off","Off","1","0","Off","0","0","0","0","0","0","0","0","0"
"3844","MARINE 88","162.02500","157.42500","A-Analog","High","12.5K","Off","Off","202","Group Call","202","SV1RVP","Off","Carrier","Off","1","1","1","Off","1","1","None","None","Off","Off","Off","Off","Normal Encryption","Off","Off","Off","Off","251.1","1","Off","On","Off","Off","Off","Off","1","0","Off","0","0","0","0","0","0","0","0","0"
"3845","MARINE 01A","156.05000","156.05000","A-Analog","High","12.5K","Off","Off","202","Group Call","202","SV1RVP","Off","Carrier","Off","1","1","1","Off","1","1","None","None","Off","Off","Off","Off","Normal Encryption","Off","Off","Off","Off","251.1","1","Off","On","Off","Off","Off","Off","1","0","Off","0","0","0","0","0","0","0","0","0"
"3846","MARINE 05A","156.25000","156.25000","A-Analog","High","12.5K","Off","Off","202","Group Call","202","SV1RVP","Off","Carrier","Off","1","1","1","Off","1","1","None","None","Off","Off","Off","Off","Normal Encryption","Off","Off","Off","Off","251.1","1","Off","On","Off","Off","Off","Off","1","0","Off","0","0","0","0","0","0","0","0","0"
"3847","MARINE 07A","156.35000","156.35000","A-Analog","High","12.5K","Off","Off","202","Group Call","202","SV1RVP","Off","Carrier","Off","1","1","1","Off","1","1","None","None","Off","Off","Off","Off","Normal Encryption","Off","Off","Off","Off","251.1","1","Off","On","Off","Off","Off","Off","1","0","Off","0","0","0","0","0","0","0","0","0"
"3848","MARINE 18A","156.90000","156.90000","A-Analog","High","12.5K","Off","Off","202","Group Call","202","SV1RVP","Off","Carrier","Off","1","1","1","Off","1","1","None","None","Off","Off","Off","Off","Normal Encryption","Off","Off","Off","Off","251.1","1","Off","On","Off","Off","Off","Off","1","0","Off","0","0","0","0","0","0","0","0","0"
"3849","MARINE 19A","156.95000","156.95000","A-Analog","High","12.5K","Off","Off","202","Group Call","202","SV1RVP","Off","Carrier","Off","1","1","1","Off","1","1","None","None","Off","Off","Off","Off","Normal Encryption","Off","Off","Off","Off","251.1","1","Off","On","Off","Off","Off","Off","1","0","Off","0","0","0","0","0","0","0","0","0"
"3850","MARINE 20A","157.00000","157.00000","A-Analog","High","12.5K","Off","Off","202","Group Call","202","SV1RVP","Off","Carrier","Off","1","1","1","Off","1","1","None","None","Off","Off","Off","Off","Normal Encryption","Off","Off","Off","Off","251.1","1","Off","On","Off","Off","Off","Off","1","0","Off","0","0","0","0","0","0","0","0","0"
"3851","MARINE 21A","157.05000","157.05000","A-Analog","High","12.5K","Off","Off","202","Group Call","202","SV1RVP","Off","Carrier","Off","1","1","1","Off","1","1","None","None","Off","Off","Off","Off","Normal Encryption","Off","Off","Off","Off","251.1","1","Off","On","Off","Off","Off","Off","1","0","Off","0","0","0","0","0","0","0","0","0"
"3852","MARINE 22A","157.10000","157.10000","A-Analog","High","12.5K","Off","Off","202","Group Call","202","SV1RVP","Off","Carrier","Off","1","1","1","Off","1","1","None","None","Off","Off","Off","Off","Normal Encryption","Off","Off","Off","Off","251.1","1","Off","On","Off","Off","Off","Off","1","0","Off","0","0","0","0","0","0","0","0","0"
"3853","MARINE 23A","157.15000","157.15000","A-Analog","High","12.5K","Off","Off","202","Group Call","202","SV1RVP","Off","Carrier","Off","1","1","1","Off","1","1","None","None","Off","Off","Off","Off","Normal Encryption","Off","Off","Off","Off","251.1","1","Off","On","Off","Off","Off","Off","1","0","Off","0","0","0","0","0","0","0","0","0"
"3854","MARINE 63A","156.17500","156.17500","A-Analog","High","12.5K","Off","Off","202","Group Call","202","SV1RVP","Off","Carrier","Off","1","1","1","Off","1","1","None","None","Off","Off","Off","Off","Normal Encryption","Off","Off","Off","Off","251.1","1","Off","On","Off","Off","Off","Off","1","0","Off","0","0","0","0","0","0","0","0","0"
"3855","MARINE 65A","156.27500","156.27500","A-Analog","High","12.5K","Off","Off","202","Group Call","202","SV1RVP","Off","Carrier","Off","1","1","1","Off","1","1","None","None","Off","Off","Off","Off","Normal Encryption","Off","Off","Off","Off","251.1","1","Off","On","Off","Off","Off","Off","1","0","Off","0","0","0","0","0","0","0","0","0"
"3856","MARINE 66A","156.32500","156.32500","A-Analog","High","12.5K","Off","Off","202","Group Call","202","SV1RVP","Off","Carrier","Off","1","1","1","Off","1","1","None","None","Off","Off","Off","Off","Normal Encryption","Off","Off","Off","Off","251.1","1","Off","On","Off","Off","Off","Off","1","0","Off","0","0","0","0","0","0","0","0","0"
"3857","MARINE 78A","156.92500","156.92500","A-Analog","High","12.5K","Off","Off","202","Group Call","202","SV1RVP","Off","Carrier","Off","1","1","1","Off","1","1","None","None","Off","Off","Off","Off","Normal Encryption","Off","Off","Off","Off","251.1","1","Off","On","Off","Off","Off","Off","1","0","Off","0","0","0","0","0","0","0","0","0"
"3858","MARINE 79A","156.97500","156.97500","A-Analog","High","12.5K","Off","Off","202","Group Call","202","SV1RVP","Off","Carrier","Off","1","1","1","Off","1","1","None","None","Off","Off","Off","Off","Normal Encryption","Off","Off","Off","Off","251.1","1","Off","On","Off","Off","Off","Off","1","0","Off","0","0","0","0","0","0","0","0","0"
"3859","MARINE 80A","157.02500","157.02500","A-Analog","High","12.5K","Off","Off","202","Group Call","202","SV1RVP","Off","Carrier","Off","1","1","1","Off","1","1","None","None","Off","Off","Off","Off","Normal Encryption","Off","Off","Off","Off","251.1","1","Off","On","Off","Off","Off","Off","1","0","Off","0","0","0","0","0","0","0","0","0"
"3860","MARINE 81A","157.07500","157.07500","A-Analog","High","12.5K","Off","Off","202","Group Call","202","SV1RVP","Off","Carrier","Off","1","1","1","Off","1","1","None","None","Off","Off","Off","Off","Normal Encryption","Off","Off","Off","Off","251.1","1","Off","On","Off","Off","Off","Off","1","0","Off","0","0","0","0","0","0","0","0","0"
"3861","MARINE 82A","157.12500","157.12500","A-Analog","High","12.5K","Off","Off","202","Group Call","202","SV1RVP","Off","Carrier","Off","1","1","1","Off","1","1","None","None","Off","Off","Off","Off","Normal Encryption","Off","Off","Off","Off","251.1","1","Off","On","Off","Off","Off","Off","1","0","Off","0","0","0","0","0","0","0","0","0"
"3862","MARINE 83A","157.17500","157.17500","A-Analog","High","12.5K","Off","Off","202","Group Call","202","SV1RVP","Off","Carrier","Off","1","1","1","Off","1","1","None","None","Off","Off","Off","Off","Normal Encryption","Off","Off","Off","Off","251.1","1","Off","On","Off","Off","Off","Off","1","0","Off","0","0","0","0","0","0","0","0","0"
"3863","PMR EUR CH01","446.00625","446.00625","A-Analog","High","12.5K","Off","Off","202","Group Call","202","SV1RVP","Off","Carrier","Off","1","1","1","Off","1","1","None","None","Off","Off","Off","Off","Normal Encryption","Off","Off","Off","Off","251.1","1","Off","On","Off","Off","Off","Off","1","0","Off","0","0","0","0","0","0","0","0","0"
"3864","PMR EUR CH02","446.01875","446.01875","A-Analog","High","12.5K","Off","Off","202","Group Call","202","SV1RVP","Off","Carrier","Off","1","1","1","Off","1","1","None","None","Off","Off","Off","Off","Normal Encryption","Off","Off","Off","Off","251.1","1","Off","On","Off","Off","Off","Off","1","0","Off","0","0","0","0","0","0","0","0","0"
"3865","PMR EUR CH03","446.03125","446.03125","A-Analog","High","12.5K","Off","Off","202","Group Call","202","SV1RVP","Off","Carrier","Off","1","1","1","Off","1","1","None","None","Off","Off","Off","Off","Normal Encryption","Off","Off","Off","Off","251.1","1","Off","On","Off","Off","Off","Off","1","0","Off","0","0","0","0","0","0","0","0","0"
"3866","PMR EUR CH04","446.04375","446.04375","A-Analog","High","12.5K","Off","Off","202","Group Call","202","SV1RVP","Off","Carrier","Off","1","1","1","Off","1","1","None","None","Off","Off","Off","Off","Normal Encryption","Off","Off","Off","Off","251.1","1","Off","On","Off","Off","Off","Off","1","0","Off","0","0","0","0","0","0","0","0","0"
"3867","PMR EUR CH05","446.05625","446.05625","A-Analog","High","12.5K","Off","Off","202","Group Call","202","SV1RVP","Off","Carrier","Off","1","1","1","Off","1","1","None","None","Off","Off","Off","Off","Normal Encryption","Off","Off","Off","Off","251.1","1","Off","On","Off","Off","Off","Off","1","0","Off","0","0","0","0","0","0","0","0","0"
"3868","PMR EUR CH06","446.06875","446.06875","A-Analog","High","12.5K","Off","Off","202","Group Call","202","SV1RVP","Off","Carrier","Off","1","1","1","Off","1","1","None","None","Off","Off","Off","Off","Normal Encryption","Off","Off","Off","Off","251.1","1","Off","On","Off","Off","Off","Off","1","0","Off","0","0","0","0","0","0","0","0","0"
"3869","PMR EUR CH07","446.08125","446.08125","A-Analog","High","12.5K","Off","Off","202","Group Call","202","SV1RVP","Off","Carrier","Off","1","1","1","Off","1","1","None","None","Off","Off","Off","Off","Normal Encryption","Off","Off","Off","Off","251.1","1","Off","On","Off","Off","Off","Off","1","0","Off","0","0","0","0","0","0","0","0","0"
"3870","PMR EUR CH08","446.09375","446.09375","A-Analog","High","12.5K","Off","Off","202","Group Call","202","SV1RVP","Off","Carrier","Off","1","1","1","Off","1","1","None","None","Off","Off","Off","Off","Normal Encryption","Off","Off","Off","Off","251.1","1","Off","On","Off","Off","Off","Off","1","0","Off","0","0","0","0","0","0","0","0","0"
"3871","PMR EUR CH09","446.10625","446.10625","A-Analog","High","12.5K","Off","Off","202","Group Call","202","SV1RVP","Off","Carrier","Off","1","1","1","Off","1","1","None","None","Off","Off","Off","Off","Normal Encryption","Off","Off","Off","Off","251.1","1","Off","On","Off","Off","Off","Off","1","0","Off","0","0","0","0","0","0","0","0","0"
"3872","PMR EUR CH10","446.11875","446.11875","A-Analog","High","12.5K","Off","Off","202","Group Call","202","SV1RVP","Off","Carrier","Off","1","1","1","Off","1","1","None","None","Off","Off","Off","Off","Normal Encryption","Off","Off","Off","Off","251.1","1","Off","On","Off","Off","Off","Off","1","0","Off","0","0","0","0","0","0","0","0","0"
"3873","PMR EUR CH11","446.13125","446.13125","A-Analog","High","12.5K","Off","Off","202","Group Call","202","SV1RVP","Off","Carrier","Off","1","1","1","Off","1","1","None","None","Off","Off","Off","Off","Normal Encryption","Off","Off","Off","Off","251.1","1","Off","On","Off","Off","Off","Off","1","0","Off","0","0","0","0","0","0","0","0","0"
"3874","PMR EUR CH12","446.14375","446.14375","A-Analog","High","12.5K","Off","Off","202","Group Call","202","SV1RVP","Off","Carrier","Off","1","1","1","Off","1","1","None","None","Off","Off","Off","Off","Normal Encryption","Off","Off","Off","Off","251.1","1","Off","On","Off","Off","Off","Off","1","0","Off","0","0","0","0","0","0","0","0","0"
"3875","PMR EUR CH13","446.15625","446.15625","A-Analog","High","12.5K","Off","Off","202","Group Call","202","SV1RVP","Off","Carrier","Off","1","1","1","Off","1","1","None","None","Off","Off","Off","Off","Normal Encryption","Off","Off","Off","Off","251.1","1","Off","On","Off","Off","Off","Off","1","0","Off","0","0","0","0","0","0","0","0","0"
"3876","PMR EUR CH14","446.16875","446.16875","A-Analog","High","12.5K","Off","Off","202","Group Call","202","SV1RVP","Off","Carrier","Off","1","1","1","Off","1","1","None","None","Off","Off","Off","Off","Normal Encryption","Off","Off","Off","Off","251.1","1","Off","On","Off","Off","Off","Off","1","0","Off","0","0","0","0","0","0","0","0","0"
"3877","PMR EUR CH15","446.18125","446.18125","A-Analog","High","12.5K","Off","Off","202","Group Call","202","SV1RVP","Off","Carrier","Off","1","1","1","Off","1","1","None","None","Off","Off","Off","Off","Normal Encryption","Off","Off","Off","Off","251.1","1","Off","On","Off","Off","Off","Off","1","0","Off","0","0","0","0","0","0","0","0","0"
"3878","PMR EUR CH16","446.19375","446.19375","A-Analog","High","12.5K","Off","Off","202","Group Call","202","SV1RVP","Off","Carrier","Off","1","1","1","Off","1","1","None","None","Off","Off","Off","Off","Normal Encryption","Off","Off","Off","Off","251.1","1","Off","On","Off","Off","Off","Off","1","0","Off","0","0","0","0","0","0","0","0","0"
"3879","PMR USA CH01","462.56250","462.56250","A-Analog","High","12.5K","Off","Off","202","Group Call","202","SV1RVP","Off","Carrier","Off","1","1","1","Off","1","1","None","None","Off","Off","Off","Off","Normal Encryption","Off","Off","Off","Off","251.1","1","Off","On","Off","Off","Off","Off","1","0","Off","0","0","0","0","0","0","0","0","0"
"3880","PMR USA CH02","462.58750","462.58750","A-Analog","High","12.5K","Off","Off","202","Group Call","202","SV1RVP","Off","Carrier","Off","1","1","1","Off","1","1","None","None","Off","Off","Off","Off","Normal Encryption","Off","Off","Off","Off","251.1","1","Off","On","Off","Off","Off","Off","1","0","Off","0","0","0","0","0","0","0","0","0"
"3881","PMR USA CH03","462.61250","462.61250","A-Analog","High","12.5K","Off","Off","202","Group Call","202","SV1RVP","Off","Carrier","Off","1","1","1","Off","1","1","None","None","Off","Off","Off","Off","Normal Encryption","Off","Off","Off","Off","251.1","1","Off","On","Off","Off","Off","Off","1","0","Off","0","0","0","0","0","0","0","0","0"
"3882","PMR USA CH04","462.63750","462.63750","A-Analog","High","12.5K","Off","Off","202","Group Call","202","SV1RVP","Off","Carrier","Off","1","1","1","Off","1","1","None","None","Off","Off","Off","Off","Normal Encryption","Off","Off","Off","Off","251.1","1","Off","On","Off","Off","Off","Off","1","0","Off","0","0","0","0","0","0","0","0","0"
"3883","PMR USA CH05","462.66250","462.66250","A-Analog","High","12.5K","Off","Off","202","Group Call","202","SV1RVP","Off","Carrier","Off","1","1","1","Off","1","1","None","None","Off","Off","Off","Off","Normal Encryption","Off","Off","Off","Off","251.1","1","Off","On","Off","Off","Off","Off","1","0","Off","0","0","0","0","0","0","0","0","0"
"3884","PMR USA CH06","462.68750","462.68750","A-Analog","High","12.5K","Off","Off","202","Group Call","202","SV1RVP","Off","Carrier","Off","1","1","1","Off","1","1","None","None","Off","Off","Off","Off","Normal Encryption","Off","Off","Off","Off","251.1","1","Off","On","Off","Off","Off","Off","1","0","Off","0","0","0","0","0","0","0","0","0"
"3885","PMR USA CH07","462.71250","462.71250","A-Analog","High","12.5K","Off","Off","202","Group Call","202","SV1RVP","Off","Carrier","Off","1","1","1","Off","1","1","None","None","Off","Off","Off","Off","Normal Encryption","Off","Off","Off","Off","251.1","1","Off","On","Off","Off","Off","Off","1","0","Off","0","0","0","0","0","0","0","0","0"
"3886","PMR USA CH08","467.56250","467.56250","A-Analog","High","12.5K","Off","Off","202","Group Call","202","SV1RVP","Off","Carrier","Off","1","1","1","Off","1","1","None","None","Off","Off","Off","Off","Normal Encryption","Off","Off","Off","Off","251.1","1","Off","On","Off","Off","Off","Off","1","0","Off","0","0","0","0","0","0","0","0","0"
"3887","PMR USA CH09","467.58750","467.58750","A-Analog","High","12.5K","Off","Off","202","Group Call","202","SV1RVP","Off","Carrier","Off","1","1","1","Off","1","1","None","None","Off","Off","Off","Off","Normal Encryption","Off","Off","Off","Off","251.1","1","Off","On","Off","Off","Off","Off","1","0","Off","0","0","0","0","0","0","0","0","0"
"3888","PMR USA CH10","467.61250","467.61250","A-Analog","High","12.5K","Off","Off","202","Group Call","202","SV1RVP","Off","Carrier","Off","1","1","1","Off","1","1","None","None","Off","Off","Off","Off","Normal Encryption","Off","Off","Off","Off","251.1","1","Off","On","Off","Off","Off","Off","1","0","Off","0","0","0","0","0","0","0","0","0"
"3889","PMR USA CH11","467.63750","467.63750","A-Analog","High","12.5K","Off","Off","202","Group Call","202","SV1RVP","Off","Carrier","Off","1","1","1","Off","1","1","None","None","Off","Off","Off","Off","Normal Encryption","Off","Off","Off","Off","251.1","1","Off","On","Off","Off","Off","Off","1","0","Off","0","0","0","0","0","0","0","0","0"
"3890","PMR USA CH12","467.66250","467.66250","A-Analog","High","12.5K","Off","Off","202","Group Call","202","SV1RVP","Off","Carrier","Off","1","1","1","Off","1","1","None","None","Off","Off","Off","Off","Normal Encryption","Off","Off","Off","Off","251.1","1","Off","On","Off","Off","Off","Off","1","0","Off","0","0","0","0","0","0","0","0","0"
"3891","PMR USA CH13","467.68750","467.68750","A-Analog","High","12.5K","Off","Off","202","Group Call","202","SV1RVP","Off","Carrier","Off","1","1","1","Off","1","1","None","None","Off","Off","Off","Off","Normal Encryption","Off","Off","Off","Off","251.1","1","Off","On","Off","Off","Off","Off","1","0","Off","0","0","0","0","0","0","0","0","0"
"3892","PMR USA CH14","467.71250","467.71250","A-Analog","High","12.5K","Off","Off","202","Group Call","202","SV1RVP","Off","Carrier","Off","1","1","1","Off","1","1","None","None","Off","Off","Off","Off","Normal Encryption","Off","Off","Off","Off","251.1","1","Off","On","Off","Off","Off","Off","1","0","Off","0","0","0","0","0","0","0","0","0"
"3893","PMR USA CH15","462.55000","462.55000","A-Analog","High","12.5K","Off","Off","202","Group Call","202","SV1RVP","Off","Carrier","Off","1","1","1","Off","1","1","None","None","Off","Off","Off","Off","Normal Encryption","Off","Off","Off","Off","251.1","1","Off","On","Off","Off","Off","Off","1","0","Off","0","0","0","0","0","0","0","0","0"
"3894","PMR USA CH16","462.57500","462.57500","A-Analog","High","12.5K","Off","Off","202","Group Call","202","SV1RVP","Off","Carrier","Off","1","1","1","Off","1","1","None","None","Off","Off","Off","Off","Normal Encryption","Off","Off","Off","Off","251.1","1","Off","On","Off","Off","Off","Off","1","0","Off","0","0","0","0","0","0","0","0","0"
"3895","PMR USA CH17","462.60000","462.60000","A-Analog","High","12.5K","Off","Off","202","Group Call","202","SV1RVP","Off","Carrier","Off","1","1","1","Off","1","1","None","None","Off","Off","Off","Off","Normal Encryption","Off","Off","Off","Off","251.1","1","Off","On","Off","Off","Off","Off","1","0","Off","0","0","0","0","0","0","0","0","0"
"3896","PMR USA CH18","462.62500","462.62500","A-Analog","High","12.5K","Off","Off","202","Group Call","202","SV1RVP","Off","Carrier","Off","1","1","1","Off","1","1","None","None","Off","Off","Off","Off","Normal Encryption","Off","Off","Off","Off","251.1","1","Off","On","Off","Off","Off","Off","1","0","Off","0","0","0","0","0","0","0","0","0"
"3897","PMR USA CH19","462.65000","462.65000","A-Analog","High","12.5K","Off","Off","202","Group Call","202","SV1RVP","Off","Carrier","Off","1","1","1","Off","1","1","None","None","Off","Off","Off","Off","Normal Encryption","Off","Off","Off","Off","251.1","1","Off","On","Off","Off","Off","Off","1","0","Off","0","0","0","0","0","0","0","0","0"
"3898","PMR USA CH20","462.67500","462.67500","A-Analog","High","12.5K","Off","Off","202","Group Call","202","SV1RVP","Off","Carrier","Off","1","1","1","Off","1","1","None","None","Off","Off","Off","Off","Normal Encryption","Off","Off","Off","Off","251.1","1","Off","On","Off","Off","Off","Off","1","0","Off","0","0","0","0","0","0","0","0","0"
"3899","PMR USA CH21","462.70000","462.70000","A-Analog","High","12.5K","Off","Off","202","Group Call","202","SV1RVP","Off","Carrier","Off","1","1","1","Off","1","1","None","None","Off","Off","Off","Off","Normal Encryption","Off","Off","Off","Off","251.1","1","Off","On","Off","Off","Off","Off","1","0","Off","0","0","0","0","0","0","0","0","0"
"3900","PMR USA CH22","462.72500","462.72500","A-Analog","High","12.5K","Off","Off","202","Group Call","202","SV1RVP","Off","Carrier","Off","1","1","1","Off","1","1","None","None","Off","Off","Off","Off","Normal Encryption","Off","Off","Off","Off","251.1","1","Off","On","Off","Off","Off","Off","1","0","Off","0","0","0","0","0","0","0","0","0"
"3901","LPD 1","433.07500","433.07500","A-Analog","High","12.5K","Off","Off","202","Group Call","202","SV1RVP","Off","Carrier","Off","1","1","1","Off","1","1","None","None","Off","Off","Off","Off","Normal Encryption","Off","Off","Off","Off","251.1","1","Off","On","Off","Off","Off","Off","1","0","Off","0","0","0","0","0","0","0","0","0"
"3902","LPD 2","433.10000","433.10000","A-Analog","High","12.5K","Off","Off","202","Group Call","202","SV1RVP","Off","Carrier","Off","1","1","1","Off","1","1","None","None","Off","Off","Off","Off","Normal Encryption","Off","Off","Off","Off","251.1","1","Off","On","Off","Off","Off","Off","1","0","Off","0","0","0","0","0","0","0","0","0"
"3903","LPD 3","433.12500","433.12500","A-Analog","High","12.5K","Off","Off","202","Group Call","202","SV1RVP","Off","Carrier","Off","1","1","1","Off","1","1","None","None","Off","Off","Off","Off","Normal Encryption","Off","Off","Off","Off","251.1","1","Off","On","Off","Off","Off","Off","1","0","Off","0","0","0","0","0","0","0","0","0"
"3904","LPD 4","433.15000","433.15000","A-Analog","High","12.5K","Off","Off","202","Group Call","202","SV1RVP","Off","Carrier","Off","1","1","1","Off","1","1","None","None","Off","Off","Off","Off","Normal Encryption","Off","Off","Off","Off","251.1","1","Off","On","Off","Off","Off","Off","1","0","Off","0","0","0","0","0","0","0","0","0"
"3905","LPD 5","433.17500","433.17500","A-Analog","High","12.5K","Off","Off","202","Group Call","202","SV1RVP","Off","Carrier","Off","1","1","1","Off","1","1","None","None","Off","Off","Off","Off","Normal Encryption","Off","Off","Off","Off","251.1","1","Off","On","Off","Off","Off","Off","1","0","Off","0","0","0","0","0","0","0","0","0"
"3906","LPD 6","433.20000","433.20000","A-Analog","High","12.5K","Off","Off","202","Group Call","202","SV1RVP","Off","Carrier","Off","1","1","1","Off","1","1","None","None","Off","Off","Off","Off","Normal Encryption","Off","Off","Off","Off","251.1","1","Off","On","Off","Off","Off","Off","1","0","Off","0","0","0","0","0","0","0","0","0"
"3907","LPD 7","433.22500","433.22500","A-Analog","High","12.5K","Off","Off","202","Group Call","202","SV1RVP","Off","Carrier","Off","1","1","1","Off","1","1","None","None","Off","Off","Off","Off","Normal Encryption","Off","Off","Off","Off","251.1","1","Off","On","Off","Off","Off","Off","1","0","Off","0","0","0","0","0","0","0","0","0"
"3908","LPD 8","433.25000","433.25000","A-Analog","High","12.5K","Off","Off","202","Group Call","202","SV1RVP","Off","Carrier","Off","1","1","1","Off","1","1","None","None","Off","Off","Off","Off","Normal Encryption","Off","Off","Off","Off","251.1","1","Off","On","Off","Off","Off","Off","1","0","Off","0","0","0","0","0","0","0","0","0"
"3909","LPD 9","433.27500","433.27500","A-Analog","High","12.5K","Off","Off","202","Group Call","202","SV1RVP","Off","Carrier","Off","1","1","1","Off","1","1","None","None","Off","Off","Off","Off","Normal Encryption","Off","Off","Off","Off","251.1","1","Off","On","Off","Off","Off","Off","1","0","Off","0","0","0","0","0","0","0","0","0"
"3910","LPD 10","433.30000","433.30000","A-Analog","High","12.5K","Off","Off","202","Group Call","202","SV1RVP","Off","Carrier","Off","1","1","1","Off","1","1","None","None","Off","Off","Off","Off","Normal Encryption","Off","Off","Off","Off","251.1","1","Off","On","Off","Off","Off","Off","1","0","Off","0","0","0","0","0","0","0","0","0"
"3911","LPD 11","433.32500","433.32500","A-Analog","High","12.5K","Off","Off","202","Group Call","202","SV1RVP","Off","Carrier","Off","1","1","1","Off","1","1","None","None","Off","Off","Off","Off","Normal Encryption","Off","Off","Off","Off","251.1","1","Off","On","Off","Off","Off","Off","1","0","Off","0","0","0","0","0","0","0","0","0"
"3912","LPD 12","433.35000","433.35000","A-Analog","High","12.5K","Off","Off","202","Group Call","202","SV1RVP","Off","Carrier","Off","1","1","1","Off","1","1","None","None","Off","Off","Off","Off","Normal Encryption","Off","Off","Off","Off","251.1","1","Off","On","Off","Off","Off","Off","1","0","Off","0","0","0","0","0","0","0","0","0"
"3913","LPD 13","433.37500","433.37500","A-Analog","High","12.5K","Off","Off","202","Group Call","202","SV1RVP","Off","Carrier","Off","1","1","1","Off","1","1","None","None","Off","Off","Off","Off","Normal Encryption","Off","Off","Off","Off","251.1","1","Off","On","Off","Off","Off","Off","1","0","Off","0","0","0","0","0","0","0","0","0"
"3914","LPD 14","433.40000","433.40000","A-Analog","High","12.5K","Off","Off","202","Group Call","202","SV1RVP","Off","Carrier","Off","1","1","1","Off","1","1","None","None","Off","Off","Off","Off","Normal Encryption","Off","Off","Off","Off","251.1","1","Off","On","Off","Off","Off","Off","1","0","Off","0","0","0","0","0","0","0","0","0"
"3915","LPD 15","433.42500","433.42500","A-Analog","High","12.5K","Off","Off","202","Group Call","202","SV1RVP","Off","Carrier","Off","1","1","1","Off","1","1","None","None","Off","Off","Off","Off","Normal Encryption","Off","Off","Off","Off","251.1","1","Off","On","Off","Off","Off","Off","1","0","Off","0","0","0","0","0","0","0","0","0"
"3916","LPD 16","433.45000","433.45000","A-Analog","High","12.5K","Off","Off","202","Group Call","202","SV1RVP","Off","Carrier","Off","1","1","1","Off","1","1","None","None","Off","Off","Off","Off","Normal Encryption","Off","Off","Off","Off","251.1","1","Off","On","Off","Off","Off","Off","1","0","Off","0","0","0","0","0","0","0","0","0"
"3917","LPD 17","433.47500","433.47500","A-Analog","High","12.5K","Off","Off","202","Group Call","202","SV1RVP","Off","Carrier","Off","1","1","1","Off","1","1","None","None","Off","Off","Off","Off","Normal Encryption","Off","Off","Off","Off","251.1","1","Off","On","Off","Off","Off","Off","1","0","Off","0","0","0","0","0","0","0","0","0"
"3918","LPD 18","433.50000","433.50000","A-Analog","High","12.5K","Off","Off","202","Group Call","202","SV1RVP","Off","Carrier","Off","1","1","1","Off","1","1","None","None","Off","Off","Off","Off","Normal Encryption","Off","Off","Off","Off","251.1","1","Off","On","Off","Off","Off","Off","1","0","Off","0","0","0","0","0","0","0","0","0"
"3919","LPD 19","433.52500","433.52500","A-Analog","High","12.5K","Off","Off","202","Group Call","202","SV1RVP","Off","Carrier","Off","1","1","1","Off","1","1","None","None","Off","Off","Off","Off","Normal Encryption","Off","Off","Off","Off","251.1","1","Off","On","Off","Off","Off","Off","1","0","Off","0","0","0","0","0","0","0","0","0"
"3920","LPD 20","433.55000","433.55000","A-Analog","High","12.5K","Off","Off","202","Group Call","202","SV1RVP","Off","Carrier","Off","1","1","1","Off","1","1","None","None","Off","Off","Off","Off","Normal Encryption","Off","Off","Off","Off","251.1","1","Off","On","Off","Off","Off","Off","1","0","Off","0","0","0","0","0","0","0","0","0"
"3921","LPD 21","433.57500","433.57500","A-Analog","High","12.5K","Off","Off","202","Group Call","202","SV1RVP","Off","Carrier","Off","1","1","1","Off","1","1","None","None","Off","Off","Off","Off","Normal Encryption","Off","Off","Off","Off","251.1","1","Off","On","Off","Off","Off","Off","1","0","Off","0","0","0","0","0","0","0","0","0"
"3922","LPD 22","433.60000","433.60000","A-Analog","High","12.5K","Off","Off","202","Group Call","202","SV1RVP","Off","Carrier","Off","1","1","1","Off","1","1","None","None","Off","Off","Off","Off","Normal Encryption","Off","Off","Off","Off","251.1","1","Off","On","Off","Off","Off","Off","1","0","Off","0","0","0","0","0","0","0","0","0"
"3923","LPD 23","433.62500","433.62500","A-Analog","High","12.5K","Off","Off","202","Group Call","202","SV1RVP","Off","Carrier","Off","1","1","1","Off","1","1","None","None","Off","Off","Off","Off","Normal Encryption","Off","Off","Off","Off","251.1","1","Off","On","Off","Off","Off","Off","1","0","Off","0","0","0","0","0","0","0","0","0"
"3924","LPD 24","433.65000","433.65000","A-Analog","High","12.5K","Off","Off","202","Group Call","202","SV1RVP","Off","Carrier","Off","1","1","1","Off","1","1","None","None","Off","Off","Off","Off","Normal Encryption","Off","Off","Off","Off","251.1","1","Off","On","Off","Off","Off","Off","1","0","Off","0","0","0","0","0","0","0","0","0"
"3925","LPD 25","433.67500","433.67500","A-Analog","High","12.5K","Off","Off","202","Group Call","202","SV1RVP","Off","Carrier","Off","1","1","1","Off","1","1","None","None","Off","Off","Off","Off","Normal Encryption","Off","Off","Off","Off","251.1","1","Off","On","Off","Off","Off","Off","1","0","Off","0","0","0","0","0","0","0","0","0"
"3926","LPD 26","433.70000","433.70000","A-Analog","High","12.5K","Off","Off","202","Group Call","202","SV1RVP","Off","Carrier","Off","1","1","1","Off","1","1","None","None","Off","Off","Off","Off","Normal Encryption","Off","Off","Off","Off","251.1","1","Off","On","Off","Off","Off","Off","1","0","Off","0","0","0","0","0","0","0","0","0"
"3927","LPD 27","433.72500","433.72500","A-Analog","High","12.5K","Off","Off","202","Group Call","202","SV1RVP","Off","Carrier","Off","1","1","1","Off","1","1","None","None","Off","Off","Off","Off","Normal Encryption","Off","Off","Off","Off","251.1","1","Off","On","Off","Off","Off","Off","1","0","Off","0","0","0","0","0","0","0","0","0"
"3928","LPD 28","433.75000","433.75000","A-Analog","High","12.5K","Off","Off","202","Group Call","202","SV1RVP","Off","Carrier","Off","1","1","1","Off","1","1","None","None","Off","Off","Off","Off","Normal Encryption","Off","Off","Off","Off","251.1","1","Off","On","Off","Off","Off","Off","1","0","Off","0","0","0","0","0","0","0","0","0"
"3929","LPD 29","433.77500","433.77500","A-Analog","High","12.5K","Off","Off","202","Group Call","202","SV1RVP","Off","Carrier","Off","1","1","1","Off","1","1","None","None","Off","Off","Off","Off","Normal Encryption","Off","Off","Off","Off","251.1","1","Off","On","Off","Off","Off","Off","1","0","Off","0","0","0","0","0","0","0","0","0"
"3930","LPD 30","433.80000","433.80000","A-Analog","High","12.5K","Off","Off","202","Group Call","202","SV1RVP","Off","Carrier","Off","1","1","1","Off","1","1","None","None","Off","Off","Off","Off","Normal Encryption","Off","Off","Off","Off","251.1","1","Off","On","Off","Off","Off","Off","1","0","Off","0","0","0","0","0","0","0","0","0"
"3931","LPD 31","433.82500","433.82500","A-Analog","High","12.5K","Off","Off","202","Group Call","202","SV1RVP","Off","Carrier","Off","1","1","1","Off","1","1","None","None","Off","Off","Off","Off","Normal Encryption","Off","Off","Off","Off","251.1","1","Off","On","Off","Off","Off","Off","1","0","Off","0","0","0","0","0","0","0","0","0"
"3932","LPD 32","433.85000","433.85000","A-Analog","High","12.5K","Off","Off","202","Group Call","202","SV1RVP","Off","Carrier","Off","1","1","1","Off","1","1","None","None","Off","Off","Off","Off","Normal Encryption","Off","Off","Off","Off","251.1","1","Off","On","Off","Off","Off","Off","1","0","Off","0","0","0","0","0","0","0","0","0"
"3933","LPD 33","433.87500","433.87500","A-Analog","High","12.5K","Off","Off","202","Group Call","202","SV1RVP","Off","Carrier","Off","1","1","1","Off","1","1","None","None","Off","Off","Off","Off","Normal Encryption","Off","Off","Off","Off","251.1","1","Off","On","Off","Off","Off","Off","1","0","Off","0","0","0","0","0","0","0","0","0"
"3934","LPD 34","433.90000","433.90000","A-Analog","High","12.5K","Off","Off","202","Group Call","202","SV1RVP","Off","Carrier","Off","1","1","1","Off","1","1","None","None","Off","Off","Off","Off","Normal Encryption","Off","Off","Off","Off","251.1","1","Off","On","Off","Off","Off","Off","1","0","Off","0","0","0","0","0","0","0","0","0"
"3935","LPD 35","433.92500","433.92500","A-Analog","High","12.5K","Off","Off","202","Group Call","202","SV1RVP","Off","Carrier","Off","1","1","1","Off","1","1","None","None","Off","Off","Off","Off","Normal Encryption","Off","Off","Off","Off","251.1","1","Off","On","Off","Off","Off","Off","1","0","Off","0","0","0","0","0","0","0","0","0"
"3936","LPD 36","433.95000","433.95000","A-Analog","High","12.5K","Off","Off","202","Group Call","202","SV1RVP","Off","Carrier","Off","1","1","1","Off","1","1","None","None","Off","Off","Off","Off","Normal Encryption","Off","Off","Off","Off","251.1","1","Off","On","Off","Off","Off","Off","1","0","Off","0","0","0","0","0","0","0","0","0"
"3937","LPD 37","433.97500","433.97500","A-Analog","High","12.5K","Off","Off","202","Group Call","202","SV1RVP","Off","Carrier","Off","1","1","1","Off","1","1","None","None","Off","Off","Off","Off","Normal Encryption","Off","Off","Off","Off","251.1","1","Off","On","Off","Off","Off","Off","1","0","Off","0","0","0","0","0","0","0","0","0"
"3938","LPD 38","434.00000","434.00000","A-Analog","High","12.5K","Off","Off","202","Group Call","202","SV1RVP","Off","Carrier","Off","1","1","1","Off","1","1","None","None","Off","Off","Off","Off","Normal Encryption","Off","Off","Off","Off","251.1","1","Off","On","Off","Off","Off","Off","1","0","Off","0","0","0","0","0","0","0","0","0"
"3939","LPD 39","434.02500","434.02500","A-Analog","High","12.5K","Off","Off","202","Group Call","202","SV1RVP","Off","Carrier","Off","1","1","1","Off","1","1","None","None","Off","Off","Off","Off","Normal Encryption","Off","Off","Off","Off","251.1","1","Off","On","Off","Off","Off","Off","1","0","Off","0","0","0","0","0","0","0","0","0"
"3940","LPD 40","434.05000","434.05000","A-Analog","High","12.5K","Off","Off","202","Group Call","202","SV1RVP","Off","Carrier","Off","1","1","1","Off","1","1","None","None","Off","Off","Off","Off","Normal Encryption","Off","Off","Off","Off","251.1","1","Off","On","Off","Off","Off","Off","1","0","Off","0","0","0","0","0","0","0","0","0"
"3941","LPD 41","434.07500","434.07500","A-Analog","High","12.5K","Off","Off","202","Group Call","202","SV1RVP","Off","Carrier","Off","1","1","1","Off","1","1","None","None","Off","Off","Off","Off","Normal Encryption","Off","Off","Off","Off","251.1","1","Off","On","Off","Off","Off","Off","1","0","Off","0","0","0","0","0","0","0","0","0"
"3942","LPD 42","434.10000","434.10000","A-Analog","High","12.5K","Off","Off","202","Group Call","202","SV1RVP","Off","Carrier","Off","1","1","1","Off","1","1","None","None","Off","Off","Off","Off","Normal Encryption","Off","Off","Off","Off","251.1","1","Off","On","Off","Off","Off","Off","1","0","Off","0","0","0","0","0","0","0","0","0"
"3943","LPD 43","434.12500","434.12500","A-Analog","High","12.5K","Off","Off","202","Group Call","202","SV1RVP","Off","Carrier","Off","1","1","1","Off","1","1","None","None","Off","Off","Off","Off","Normal Encryption","Off","Off","Off","Off","251.1","1","Off","On","Off","Off","Off","Off","1","0","Off","0","0","0","0","0","0","0","0","0"
"3944","LPD 44","434.15000","434.15000","A-Analog","High","12.5K","Off","Off","202","Group Call","202","SV1RVP","Off","Carrier","Off","1","1","1","Off","1","1","None","None","Off","Off","Off","Off","Normal Encryption","Off","Off","Off","Off","251.1","1","Off","On","Off","Off","Off","Off","1","0","Off","0","0","0","0","0","0","0","0","0"
"3945","LPD 45","434.17500","434.17500","A-Analog","High","12.5K","Off","Off","202","Group Call","202","SV1RVP","Off","Carrier","Off","1","1","1","Off","1","1","None","None","Off","Off","Off","Off","Normal Encryption","Off","Off","Off","Off","251.1","1","Off","On","Off","Off","Off","Off","1","0","Off","0","0","0","0","0","0","0","0","0"
"3946","LPD 46","434.20000","434.20000","A-Analog","High","12.5K","Off","Off","202","Group Call","202","SV1RVP","Off","Carrier","Off","1","1","1","Off","1","1","None","None","Off","Off","Off","Off","Normal Encryption","Off","Off","Off","Off","251.1","1","Off","On","Off","Off","Off","Off","1","0","Off","0","0","0","0","0","0","0","0","0"
"3947","LPD 47","434.22500","434.22500","A-Analog","High","12.5K","Off","Off","202","Group Call","202","SV1RVP","Off","Carrier","Off","1","1","1","Off","1","1","None","None","Off","Off","Off","Off","Normal Encryption","Off","Off","Off","Off","251.1","1","Off","On","Off","Off","Off","Off","1","0","Off","0","0","0","0","0","0","0","0","0"
"3948","LPD 48","434.25000","434.25000","A-Analog","High","12.5K","Off","Off","202","Group Call","202","SV1RVP","Off","Carrier","Off","1","1","1","Off","1","1","None","None","Off","Off","Off","Off","Normal Encryption","Off","Off","Off","Off","251.1","1","Off","On","Off","Off","Off","Off","1","0","Off","0","0","0","0","0","0","0","0","0"
"3949","LPD 49","434.27500","434.27500","A-Analog","High","12.5K","Off","Off","202","Group Call","202","SV1RVP","Off","Carrier","Off","1","1","1","Off","1","1","None","None","Off","Off","Off","Off","Normal Encryption","Off","Off","Off","Off","251.1","1","Off","On","Off","Off","Off","Off","1","0","Off","0","0","0","0","0","0","0","0","0"
"3950","LPD 50","434.30000","434.30000","A-Analog","High","12.5K","Off","Off","202","Group Call","202","SV1RVP","Off","Carrier","Off","1","1","1","Off","1","1","None","None","Off","Off","Off","Off","Normal Encryption","Off","Off","Off","Off","251.1","1","Off","On","Off","Off","Off","Off","1","0","Off","0","0","0","0","0","0","0","0","0"
"3951","LPD 51","434.32500","434.32500","A-Analog","High","12.5K","Off","Off","202","Group Call","202","SV1RVP","Off","Carrier","Off","1","1","1","Off","1","1","None","None","Off","Off","Off","Off","Normal Encryption","Off","Off","Off","Off","251.1","1","Off","On","Off","Off","Off","Off","1","0","Off","0","0","0","0","0","0","0","0","0"
"3952","LPD 52","434.35000","434.35000","A-Analog","High","12.5K","Off","Off","202","Group Call","202","SV1RVP","Off","Carrier","Off","1","1","1","Off","1","1","None","None","Off","Off","Off","Off","Normal Encryption","Off","Off","Off","Off","251.1","1","Off","On","Off","Off","Off","Off","1","0","Off","0","0","0","0","0","0","0","0","0"
"3953","LPD 53","434.37500","434.37500","A-Analog","High","12.5K","Off","Off","202","Group Call","202","SV1RVP","Off","Carrier","Off","1","1","1","Off","1","1","None","None","Off","Off","Off","Off","Normal Encryption","Off","Off","Off","Off","251.1","1","Off","On","Off","Off","Off","Off","1","0","Off","0","0","0","0","0","0","0","0","0"
"3954","LPD 54","434.40000","434.40000","A-Analog","High","12.5K","Off","Off","202","Group Call","202","SV1RVP","Off","Carrier","Off","1","1","1","Off","1","1","None","None","Off","Off","Off","Off","Normal Encryption","Off","Off","Off","Off","251.1","1","Off","On","Off","Off","Off","Off","1","0","Off","0","0","0","0","0","0","0","0","0"
"3955","LPD 55","434.42500","434.42500","A-Analog","High","12.5K","Off","Off","202","Group Call","202","SV1RVP","Off","Carrier","Off","1","1","1","Off","1","1","None","None","Off","Off","Off","Off","Normal Encryption","Off","Off","Off","Off","251.1","1","Off","On","Off","Off","Off","Off","1","0","Off","0","0","0","0","0","0","0","0","0"
"3956","LPD 56","434.45000","434.45000","A-Analog","High","12.5K","Off","Off","202","Group Call","202","SV1RVP","Off","Carrier","Off","1","1","1","Off","1","1","None","None","Off","Off","Off","Off","Normal Encryption","Off","Off","Off","Off","251.1","1","Off","On","Off","Off","Off","Off","1","0","Off","0","0","0","0","0","0","0","0","0"
"3957","LPD 57","434.47500","434.47500","A-Analog","High","12.5K","Off","Off","202","Group Call","202","SV1RVP","Off","Carrier","Off","1","1","1","Off","1","1","None","None","Off","Off","Off","Off","Normal Encryption","Off","Off","Off","Off","251.1","1","Off","On","Off","Off","Off","Off","1","0","Off","0","0","0","0","0","0","0","0","0"
"3958","LPD 58","434.50000","434.50000","A-Analog","High","12.5K","Off","Off","202","Group Call","202","SV1RVP","Off","Carrier","Off","1","1","1","Off","1","1","None","None","Off","Off","Off","Off","Normal Encryption","Off","Off","Off","Off","251.1","1","Off","On","Off","Off","Off","Off","1","0","Off","0","0","0","0","0","0","0","0","0"
"3959","LPD 59","434.52500","434.52500","A-Analog","High","12.5K","Off","Off","202","Group Call","202","SV1RVP","Off","Carrier","Off","1","1","1","Off","1","1","None","None","Off","Off","Off","Off","Normal Encryption","Off","Off","Off","Off","251.1","1","Off","On","Off","Off","Off","Off","1","0","Off","0","0","0","0","0","0","0","0","0"
"3960","LPD 60","434.55000","434.55000","A-Analog","High","12.5K","Off","Off","202","Group Call","202","SV1RVP","Off","Carrier","Off","1","1","1","Off","1","1","None","None","Off","Off","Off","Off","Normal Encryption","Off","Off","Off","Off","251.1","1","Off","On","Off","Off","Off","Off","1","0","Off","0","0","0","0","0","0","0","0","0"
"3961","LPD 61","434.57500","434.57500","A-Analog","High","12.5K","Off","Off","202","Group Call","202","SV1RVP","Off","Carrier","Off","1","1","1","Off","1","1","None","None","Off","Off","Off","Off","Normal Encryption","Off","Off","Off","Off","251.1","1","Off","On","Off","Off","Off","Off","1","0","Off","0","0","0","0","0","0","0","0","0"
"3962","LPD 62","434.60000","434.60000","A-Analog","High","12.5K","Off","Off","202","Group Call","202","SV1RVP","Off","Carrier","Off","1","1","1","Off","1","1","None","None","Off","Off","Off","Off","Normal Encryption","Off","Off","Off","Off","251.1","1","Off","On","Off","Off","Off","Off","1","0","Off","0","0","0","0","0","0","0","0","0"
"3963","LPD 63","434.62500","434.62500","A-Analog","High","12.5K","Off","Off","202","Group Call","202","SV1RVP","Off","Carrier","Off","1","1","1","Off","1","1","None","None","Off","Off","Off","Off","Normal Encryption","Off","Off","Off","Off","251.1","1","Off","On","Off","Off","Off","Off","1","0","Off","0","0","0","0","0","0","0","0","0"
"3964","LPD 64","434.65000","434.65000","A-Analog","High","12.5K","Off","Off","202","Group Call","202","SV1RVP","Off","Carrier","Off","1","1","1","Off","1","1","None","None","Off","Off","Off","Off","Normal Encryption","Off","Off","Off","Off","251.1","1","Off","On","Off","Off","Off","Off","1","0","Off","0","0","0","0","0","0","0","0","0"
"3965","LPD 65","434.67500","434.67500","A-Analog","High","12.5K","Off","Off","202","Group Call","202","SV1RVP","Off","Carrier","Off","1","1","1","Off","1","1","None","None","Off","Off","Off","Off","Normal Encryption","Off","Off","Off","Off","251.1","1","Off","On","Off","Off","Off","Off","1","0","Off","0","0","0","0","0","0","0","0","0"
"3966","LPD 66","434.70000","434.70000","A-Analog","High","12.5K","Off","Off","202","Group Call","202","SV1RVP","Off","Carrier","Off","1","1","1","Off","1","1","None","None","Off","Off","Off","Off","Normal Encryption","Off","Off","Off","Off","251.1","1","Off","On","Off","Off","Off","Off","1","0","Off","0","0","0","0","0","0","0","0","0"
"3967","LPD 67","434.72500","434.72500","A-Analog","High","12.5K","Off","Off","202","Group Call","202","SV1RVP","Off","Carrier","Off","1","1","1","Off","1","1","None","None","Off","Off","Off","Off","Normal Encryption","Off","Off","Off","Off","251.1","1","Off","On","Off","Off","Off","Off","1","0","Off","0","0","0","0","0","0","0","0","0"
"3968","LPD 68","434.75000","434.75000","A-Analog","High","12.5K","Off","Off","202","Group Call","202","SV1RVP","Off","Carrier","Off","1","1","1","Off","1","1","None","None","Off","Off","Off","Off","Normal Encryption","Off","Off","Off","Off","251.1","1","Off","On","Off","Off","Off","Off","1","0","Off","0","0","0","0","0","0","0","0","0"
"3969","LPD 69","434.77500","434.77500","A-Analog","High","12.5K","Off","Off","202","Group Call","202","SV1RVP","Off","Carrier","Off","1","1","1","Off","1","1","None","None","Off","Off","Off","Off","Normal Encryption","Off","Off","Off","Off","251.1","1","Off","On","Off","Off","Off","Off","1","0","Off","0","0","0","0","0","0","0","0","0"
